MERCADO;MERCADO_GN
S/A;S/A
COLOMBIA SUP MIN TRA;COLOMBIA SUP MIN TRA
NEW COLOMBIA SUP MIN TRA 72;NEW COLOMBIA SUP MIN TRA 72
COLOMBIA CAP SUP MIN TRA;COLOMBIA CAP SUP MIN TRA
NEW COLOMBIA CAP SUP MIN TRA 72;NEW COLOMBIA CAP SUP MIN TRA 72
COLOMBIA OTROS MUN SUP MIN TRA;COLOMBIA OTROS MUN SUP MIN TRA
NEW COLOMBIA OTROS MUN SUP MIN TRA 72;NEW COLOMBIA OTROS MUN SUP MIN TRA 72
COLOMBIA AUTOSERVICIO;COLOMBIA AUTOSERVICIO
NEW COLOMBIA AUTOSERVICIO 72;NEW COLOMBIA AUTOSERVICIO 72
COLOMBIA SUPER CADENA;COLOMBIA SUPER CADENA
NEW COLOMBIA SUPER CADENA 72;NEW COLOMBIA SUPER CADENA 72
COLOMBIA HIPERMERCADOS;COLOMBIA HIPERMERCADOS
COLOMBIA OTROS SUPER CADENA;COLOMBIA OTROS SUPER CADENA
NEW COLOMBIA OTROS SUPER CADENA 72;NEW COLOMBIA OTROS SUPER CADENA 72
COLOMBIA OTROS SUPER CADENA GRANDES;COLOMBIA OTROS SUPER CADENA GRANDES
COLOMBIA OTROS SUPER CADENA PEQUENAS;COLOMBIA OTROS SUPER CADENA PEQUENAS
NEW COLOMBIA OTROS SUPER CADENA PEQUENAS 72;NEW COLOMBIA OTROS SUPER CADENA PEQUENAS 72
COLOMBIA CADENAS NACIONALES;COLOMBIA CADENAS NACIONALES
NEW COLOMBIA CADENAS NACIONALES 72;NEW COLOMBIA CADENAS NACIONALES 72
COLOMBIA RESTO SUPERMERCADOS;COLOMBIA RESTO SUPERMERCADOS
COLOMBIA SUPERETES SUP MIN;COLOMBIA SUPERETES SUP MIN
COLOMBIA SUPERMERCADOS INDEPENDIENTES;COLOMBIA SUPERMERCADOS INDEPENDIENTES
COLOMBIA MINIMERCADOS;COLOMBIA MINIMERCADOS
COLOMBIA TRAD MINI;COLOMBIA TRAD MINI
COLOMBIA TRADICIONALES;COLOMBIA TRADICIONALES
ATLANTICO SUP MIN TRA2;ATLANTICO SUP MIN TRA2
NEW ATLANTICO SUP MIN TRA 72;NEW ATLANTICO SUP MIN TRA 72
ATLANTICO CAP SUP MIN TRA;ATLANTICO CAP SUP MIN TRA
NEW ATLANTICO CAP SUP MIN TRA 72;NEW ATLANTICO CAP SUP MIN TRA 72
ATLANTICO OTROS MUN SUP MIN TRA;ATLANTICO OTROS MUN SUP MIN TRA
NEW ATLANTICO OTROS MUN SUP MIN TRA 72;NEW ATLANTICO OTROS MUN SUP MIN TRA 72
ATLANTICO AUTOSERVICIO1;ATLANTICO AUTOSERVICIO1
NEW ATLANTICO AUTOSERVICIO 72;NEW ATLANTICO AUTOSERVICIO 72
ATLANTICO SUPER CADENA;ATLANTICO SUPER CADENA
NEW ATLANTICO SUPER CADENA 72;NEW ATLANTICO SUPER CADENA 72
ATLANTICO HIPERMERCADOS;ATLANTICO HIPERMERCADOS
ATLANTICO OTROS SUPER CADENA;ATLANTICO OTROS SUPER CADENA
NEW ATLANTICO OTROS SUPER CADENA 72;NEW ATLANTICO OTROS SUPER CADENA 72
ATLANTICO SUPERETES SUP MIN1;ATLANTICO SUPERETES SUP MIN1
ATLANTICO MINIMERCADOS;ATLANTICO MINIMERCADOS
ATLANTICO TRAD MINI;ATLANTICO TRAD MINI
ATLANTICO TRADICIONALES2;ATLANTICO TRADICIONALES2
DPTO ATLANTICO SUP MIN TRA;DPTO ATLANTICO SUP MIN TRA
NEW DPTO ATLANTICO SUP MIN TRA 72;NEW DPTO ATLANTICO SUP MIN TRA 72
RESTO DE COSTA ATLANTICO SUP MIN TRA;RESTO DE COSTA ATLANTICO SUP MIN TRA
NEW RESTO DE COSTA ATLANTICO SUP MIN TRA 72;NEW RESTO DE COSTA ATLANTICO SUP MIN TRA 72
ATLANTICO METRO SUP MIN TRA;ATLANTICO METRO SUP MIN TRA
NEW ATLANTICO METRO SUP MIN TRA 72;NEW ATLANTICO METRO SUP MIN TRA 72
ATLANTICO METRO TRADICIONALES;ATLANTICO METRO TRADICIONALES
ATLANTICO NORTE SUP MIN TRA;ATLANTICO NORTE SUP MIN TRA
NEW ATLANTICO NORTE SUP MIN TRA 72;NEW ATLANTICO NORTE SUP MIN TRA 72
ATLANTICO NORTE TRADICIONALES;ATLANTICO NORTE TRADICIONALES
ATLANTICO SUR SUP MIN TRA;ATLANTICO SUR SUP MIN TRA
NEW ATLANTICO SUR SUP MIN TRA 72;NEW ATLANTICO SUR SUP MIN TRA 72
ATLANTICO SUR TRADICIONALES;ATLANTICO SUR TRADICIONALES
ANTIOQUIA CHOCO SUP MIN TRA;ANTIOQUIA CHOCO SUP MIN TRA
NEW ANTIOQUIA CHOCO SUP MIN TRA 72;NEW ANTIOQUIA CHOCO SUP MIN TRA 72
ANTIOQUIA CHOCO CAP SUP MIN TRA;ANTIOQUIA CHOCO CAP SUP MIN TRA
NEW ANTIOQUIA CHOCO CAP SUP MIN TRA 72;NEW ANTIOQUIA CHOCO CAP SUP MIN TRA 72
ANTIOQUIA CHOCO OTROS MUN SUP MIN TRA;ANTIOQUIA CHOCO OTROS MUN SUP MIN TRA
NEW ANTIOQUIA CHOCO OTROS MUN SUP MIN TRA 72;NEW ANTIOQUIA CHOCO OTROS MUN SUP MIN TRA 72
ANTIOQUIA CHOCO AUTOSERVICIO;ANTIOQUIA CHOCO AUTOSERVICIO
NEW ANTIOQUIA CHOCO AUTOSERVICIO 72;NEW ANTIOQUIA CHOCO AUTOSERVICIO 72
ANTIOQUIA CHOCO SUPER CADENA;ANTIOQUIA CHOCO SUPER CADENA
NEW ANTIOQUIA CHOCO SUPER CADENA 72;NEW ANTIOQUIA CHOCO SUPER CADENA 72
ANTIOQUIA CHOCO HIPERMERCADOS;ANTIOQUIA CHOCO HIPERMERCADOS
ANTIOQUIA CHOCO OTROS SUPER CADENA;ANTIOQUIA CHOCO OTROS SUPER CADENA
NEW ANTIOQUIA CHOCO OTROS SUPER CADENA 72;NEW ANTIOQUIA CHOCO OTROS SUPER CADENA 72
ANTIOQUIA CHOCO SUPERETES SUP MIN;ANTIOQUIA CHOCO SUPERETES SUP MIN
ANTIOQUIA CHOCO MINIMERCADOS;ANTIOQUIA CHOCO MINIMERCADOS
ANTIOQUIA CHOCO TRAD MINI;ANTIOQUIA CHOCO TRAD MINI
ANTIOQUIA CHOCO TRADICIONALES;ANTIOQUIA CHOCO TRADICIONALES
SANTANDERES SUP MIN TRA;SANTANDERES SUP MIN TRA
NEW SANTANDERES SUP MIN TRA 72;NEW SANTANDERES SUP MIN TRA 72
SANTANDERES CAP SUP MIN TRA;SANTANDERES CAP SUP MIN TRA
NEW SANTANDERES CAP SUP MIN TRA 72;NEW SANTANDERES CAP SUP MIN TRA 72
SANTANDERES OTROS MUN SUP MIN TRA;SANTANDERES OTROS MUN SUP MIN TRA
NEW SANTANDERES OTROS MUN SUP MIN TRA 72;NEW SANTANDERES OTROS MUN SUP MIN TRA 72
SANTANDERES AUTOSERVICIO;SANTANDERES AUTOSERVICIO
NEW SANTANDERES AUTOSERVICIO 72;NEW SANTANDERES AUTOSERVICIO 72
SANTANDERES SUPER CADENA;SANTANDERES SUPER CADENA
NEW SANTANDERES SUPER CADENA 72;NEW SANTANDERES SUPER CADENA 72
SANTANDERES HIPERMERCADOS;SANTANDERES HIPERMERCADOS
SANTANDERES OTROS SUPER CADENA;SANTANDERES OTROS SUPER CADENA
NEW SANTANDERES OTROS SUPER CADENA 72;NEW SANTANDERES OTROS SUPER CADENA 72
SANTANDERES SUPERETES SUP MIN;SANTANDERES SUPERETES SUP MIN
SANTANDERES MINIMERCADOS;SANTANDERES MINIMERCADOS
SANTANDERES TRAD MINI;SANTANDERES TRAD MINI
SANTANDERES TRADICIONALES;SANTANDERES TRADICIONALES
CUNDI BOY SUP MIN TRA;CUNDI BOY SUP MIN TRA
NEW CUNDI BOY SUP MIN TRA 72;NEW CUNDI BOY SUP MIN TRA 72
CUNDI BOY CAP SUP MIN TRA;CUNDI BOY CAP SUP MIN TRA
NEW CUNDI BOY CAP SUP MIN TRA 72;NEW CUNDI BOY CAP SUP MIN TRA 72
CUNDI BOY OTROS MUN SUP MIN TRA;CUNDI BOY OTROS MUN SUP MIN TRA
NEW CUNDI BOY OTROS MUN SUP MIN TRA 72;NEW CUNDI BOY OTROS MUN SUP MIN TRA 72
CUNDI BOY AUTOSERVICIO;CUNDI BOY AUTOSERVICIO
NEW CUNDI BOY AUTOSERVICIO 72;NEW CUNDI BOY AUTOSERVICIO 72
CUNDI BOY SUPER CADENA;CUNDI BOY SUPER CADENA
NEW CUNDI BOY SUPER CADENA 72;NEW CUNDI BOY SUPER CADENA 72
CUNDI BOY HIPERMERCADOS;CUNDI BOY HIPERMERCADOS
CUNDI BOY OTROS SUPER CADENA;CUNDI BOY OTROS SUPER CADENA
NEW CUNDI BOY OTROS SUPER CADENA 72;NEW CUNDI BOY OTROS SUPER CADENA 72
CUNDI BOY SUPERETES SUP MIN;CUNDI BOY SUPERETES SUP MIN
CUNDI BOY MINIMERCADOS;CUNDI BOY MINIMERCADOS
CUNDI BOY TRAD MINI;CUNDI BOY TRAD MINI
CUNDI BOY TRADICIONALES;CUNDI BOY TRADICIONALES
EJE CAFETERO SUP MIN TRA;EJE CAFETERO SUP MIN TRA
NEW EJE CAFETERO SUP MIN TRA 72;NEW EJE CAFETERO SUP MIN TRA 72
EJE CAFETERO CAP SUP MIN TRA;EJE CAFETERO CAP SUP MIN TRA
NEW EJE CAFETERO CAP SUP MIN TRA 72;NEW EJE CAFETERO CAP SUP MIN TRA 72
EJE CAFETERO OTROS MUN SUP MIN TRA;EJE CAFETERO OTROS MUN SUP MIN TRA
NEW EJE CAFETERO OTROS MUN SUP MIN TRA 72;NEW EJE CAFETERO OTROS MUN SUP MIN TRA 72
EJE CAFETERO AUTOSERVICIO;EJE CAFETERO AUTOSERVICIO
NEW EJE CAFETERO AUTOSERVICIO 72;NEW EJE CAFETERO AUTOSERVICIO 72
EJE CAFETERO SUPER CADENA;EJE CAFETERO SUPER CADENA
NEW EJE CAFETERO SUPER CADENA 72;NEW EJE CAFETERO SUPER CADENA 72
EJE CAFETERO HIPERMERCADOS;EJE CAFETERO HIPERMERCADOS
EJE CAFETERO OTROS SUPER CADENA;EJE CAFETERO OTROS SUPER CADENA
NEW EJE CAFETERO OTROS SUPER CADENA 72;NEW EJE CAFETERO OTROS SUPER CADENA 72
EJE CAFETERO SUPERETES SUP MIN;EJE CAFETERO SUPERETES SUP MIN
EJE CAFETERO MINIMERCADOS;EJE CAFETERO MINIMERCADOS
EJE CAFETERO TRAD MINI;EJE CAFETERO TRAD MINI
EJE CAFETERO TRADICIONALES;EJE CAFETERO TRADICIONALES
CENTRO SUP MIN TRA;CENTRO SUP MIN TRA
NEW CENTRO SUP MIN TRA 72;NEW CENTRO SUP MIN TRA 72
CENTRO CAP SUP MIN TRA;CENTRO CAP SUP MIN TRA
NEW CENTRO CAP SUP MIN TRA 72;NEW CENTRO CAP SUP MIN TRA 72
CENTRO OTROS MUN SUP MIN TRA;CENTRO OTROS MUN SUP MIN TRA
NEW CENTRO OTROS MUN SUP MIN TRA 72;NEW CENTRO OTROS MUN SUP MIN TRA 72
CENTRO AUTOSERVICIO;CENTRO AUTOSERVICIO
NEW CENTRO AUTOSERVICIO 72;NEW CENTRO AUTOSERVICIO 72
CENTRO SUPER CADENA;CENTRO SUPER CADENA
NEW CENTRO SUPER CADENA 72;NEW CENTRO SUPER CADENA 72
CENTRO HIPERMERCADOS;CENTRO HIPERMERCADOS
CENTRO OTROS SUPER CADENA;CENTRO OTROS SUPER CADENA
NEW CENTRO OTROS SUPER CADENA 72;NEW CENTRO OTROS SUPER CADENA 72
CENTRO SUPERETES SUP MIN;CENTRO SUPERETES SUP MIN
CENTRO MINIMERCADOS;CENTRO MINIMERCADOS
CENTRO TRAD MINI;CENTRO TRAD MINI
CENTRO TRADICIONALES;CENTRO TRADICIONALES
LLANOS SUP MIN TRA;LLANOS SUP MIN TRA
NEW LLANOS SUP MIN TRA 72;NEW LLANOS SUP MIN TRA 72
LLANOS CAP SUP MIN TRA;LLANOS CAP SUP MIN TRA
NEW LLANOS CAP SUP MIN TRA 72;NEW LLANOS CAP SUP MIN TRA 72
LLANOS OTROS MUN SUP MIN TRA;LLANOS OTROS MUN SUP MIN TRA
NEW LLANOS OTROS MUN SUP MIN TRA 72;NEW LLANOS OTROS MUN SUP MIN TRA 72
LLANOS AUTOSERVICIO;LLANOS AUTOSERVICIO
NEW LLANOS AUTOSERVICIO 72;NEW LLANOS AUTOSERVICIO 72
LLANOS SUPER CADENA;LLANOS SUPER CADENA
NEW LLANOS SUPER CADENA 72;NEW LLANOS SUPER CADENA 72
LLANOS HIPERMERCADOS;LLANOS HIPERMERCADOS
LLANOS OTROS SUPER CADENA;LLANOS OTROS SUPER CADENA
NEW LLANOS OTROS SUPER CADENA 72;NEW LLANOS OTROS SUPER CADENA 72
LLANOS SUPERETES SUP MIN;LLANOS SUPERETES SUP MIN
LLANOS MINIMERCADOS;LLANOS MINIMERCADOS
LLANOS TRAD MINI;LLANOS TRAD MINI
LLANOS TRADICIONALES;LLANOS TRADICIONALES
PACIFICO SUP MIN TRA;PACIFICO SUP MIN TRA
NEW PACIFICO SUP MIN TRA 72;NEW PACIFICO SUP MIN TRA 72
PACIFICO CAP SUP MIN TRA;PACIFICO CAP SUP MIN TRA
NEW PACIFICO CAP SUP MIN TRA 72;NEW PACIFICO CAP SUP MIN TRA 72
PACIFICO OTROS MUN SUP MIN TRA;PACIFICO OTROS MUN SUP MIN TRA
NEW PACIFICO OTROS MUN SUP MIN TRA 72;NEW PACIFICO OTROS MUN SUP MIN TRA 72
PACIFICO AUTOSERVICIO;PACIFICO AUTOSERVICIO
NEW PACIFICO AUTOSERVICIO 72;NEW PACIFICO AUTOSERVICIO 72
PACIFICO SUPER CADENA;PACIFICO SUPER CADENA
NEW PACIFICO SUPER CADENA 72;NEW PACIFICO SUPER CADENA 72
PACIFICO HIPERMERCADOS;PACIFICO HIPERMERCADOS
PACIFICO OTROS SUPER CADENA;PACIFICO OTROS SUPER CADENA
NEW PACIFICO OTROS SUPER CADENA 72;NEW PACIFICO OTROS SUPER CADENA 72
PACIFICO SUPERETES SUP MIN;PACIFICO SUPERETES SUP MIN
PACIFICO MINIMERCADOS;PACIFICO MINIMERCADOS
PACIFICO TRAD MINI;PACIFICO TRAD MINI
PACIFICO TRADICIONALES;PACIFICO TRADICIONALES
DPTO VALLE PACIFICO SUP MIN TRA;DPTO VALLE PACIFICO SUP MIN TRA
NEW DPTO VALLE PACIFICO SUP MIN TRA 72;NEW DPTO VALLE PACIFICO SUP MIN TRA 72
CAUCA NARINO PACIFICO SUP MIN TRA;CAUCA NARINO PACIFICO SUP MIN TRA
NEW CAUCA NARINO PACIFICO SUP MIN TRA 72;NEW CAUCA NARINO PACIFICO SUP MIN TRA 72
BOGOTA SUP MIN TRA;BOGOTA SUP MIN TRA
NEW BOGOTA SUP MIN TRA 72;NEW BOGOTA SUP MIN TRA 72
CALI SUP MIN TRA;CALI SUP MIN TRA
NEW CALI SUP MIN TRA 72;NEW CALI SUP MIN TRA 72
CARTAGENA METRO SUP MIN TRA;CARTAGENA METRO SUP MIN TRA
NEW CARTAGENA METRO SUP MIN TRA 72;NEW CARTAGENA METRO SUP MIN TRA 72
CUCUTA METRO SUP MIN TRA;CUCUTA METRO SUP MIN TRA
NEW CUCUTA METRO SUP MIN TRA 72;NEW CUCUTA METRO SUP MIN TRA 72
IBAGUE METRO SUP MIN TRAD;IBAGUE METRO SUP MIN TRAD
NEW IBAGUE METRO SUP MIN TRAD 72;NEW IBAGUE METRO SUP MIN TRAD 72
MEDELLIN SUP MIN TRA;MEDELLIN SUP MIN TRA
NEW MEDELLIN SUP MIN TRA 72;NEW MEDELLIN SUP MIN TRA 72
10 CIUDADES METRO SUP MIN TRA;10 CIUDADES METRO SUP MIN TRA
NEW 10 CIUDADES METRO SUP MIN TRA 72;NEW 10 CIUDADES METRO SUP MIN TRA 72
B/QUILLA SUP MIN TRA;B/QUILLA SUP MIN TRA
NEW B/QUILLA SUP MIN TRA 72;NEW B/QUILLA SUP MIN TRA 72
B/QUILLA METRO SUP MIN TRA;B/QUILLA METRO SUP MIN TRA
NEW B/QUILLA METRO SUP MIN TRA 72;NEW B/QUILLA METRO SUP MIN TRA 72
BOGOTA METRO SUP MIN TRA;BOGOTA METRO SUP MIN TRA
NEW BOGOTA METRO SUP MIN TRA 72;NEW BOGOTA METRO SUP MIN TRA 72
BUCARAMANGA METRO SUP MIN TRA;BUCARAMANGA METRO SUP MIN TRA
NEW BUCARAMANGA METRO SUP MIN TRA 72;NEW BUCARAMANGA METRO SUP MIN TRA 72
CALI METRO SUP MIN TRA;CALI METRO SUP MIN TRA
NEW CALI METRO SUP MIN TRA 72;NEW CALI METRO SUP MIN TRA 72
MEDELLIN METRO SUP MIN TRA;MEDELLIN METRO SUP MIN TRA
NEW MEDELLIN METRO SUP MIN TRA 72;NEW MEDELLIN METRO SUP MIN TRA 72
PEREIRA METRO SUP MIN TRA;PEREIRA METRO SUP MIN TRA
NEW PEREIRA METRO SUP MIN TRA 72;NEW PEREIRA METRO SUP MIN TRA 72
VILLAVICENCIO METRO SUP MIN TRA;VILLAVICENCIO METRO SUP MIN TRA
NEW VILLAVICENCIO METRO SUP MIN TRA 72;NEW VILLAVICENCIO METRO SUP MIN TRA 72
10 CIUDADES TRADICIONALES;10 CIUDADES TRADICIONALES
10 CIUDADES TRADICIONALES PEQUENAS;10 CIUDADES TRADICIONALES PEQUENAS
10 CIUDADES TRADICIONALES GRANDES;10 CIUDADES TRADICIONALES GRANDES
B/QUILLA TRADICIONALES;B/QUILLA TRADICIONALES
B/QUILLA TRADICIONALES PEQUENAS;B/QUILLA TRADICIONALES PEQUENAS
B/QUILLA TRADICIONALES GRANDES;B/QUILLA TRADICIONALES GRANDES
BOGOTA TRADICIONALES;BOGOTA TRADICIONALES
BOGOTA TRADICIONALES PEQUENAS;BOGOTA TRADICIONALES PEQUENAS
BOGOTA TRADICIONALES GRANDES;BOGOTA TRADICIONALES GRANDES
BUCARAMANGA TRADICIONALES;BUCARAMANGA TRADICIONALES
BUCARAMANGA TRADICIONALES PEQUENAS;BUCARAMANGA TRADICIONALES PEQUENAS
BUCARAMANGA TRADICIONALES GRANDES;BUCARAMANGA TRADICIONALES GRANDES
CALI TRADICIONALES;CALI TRADICIONALES
CALI TRADICIONALES PEQUENAS;CALI TRADICIONALES PEQUENAS
CALI TRADICIONALES GRANDES;CALI TRADICIONALES GRANDES
CARTAGENA TRADICIONALES;CARTAGENA TRADICIONALES
CARTAGENA TRADICIONALES PEQUENAS;CARTAGENA TRADICIONALES PEQUENAS
CARTAGENA TRADICIONALES GRANDES;CARTAGENA TRADICIONALES GRANDES
CUCUTA TRADICIONALES;CUCUTA TRADICIONALES
CUCUTA TRADICIONALES PEQUENAS;CUCUTA TRADICIONALES PEQUENAS
CUCUTA TRADICIONALES GRANDES;CUCUTA TRADICIONALES GRANDES
IBAGUE TRADICIONALES;IBAGUE TRADICIONALES
IBAGUE TRADICIONALES PEQUENAS;IBAGUE TRADICIONALES PEQUENAS
IBAGUE TRADICIONALES GRANDES;IBAGUE TRADICIONALES GRANDES
MEDELLIN TRADICIONALES;MEDELLIN TRADICIONALES
MEDELLIN TRADICIONALES PEQUENAS;MEDELLIN TRADICIONALES PEQUENAS
MEDELLIN TRADICIONALES GRANDES;MEDELLIN TRADICIONALES GRANDES
PEREIRA TRADICIONALES;PEREIRA TRADICIONALES
PEREIRA TRADICIONALES PEQUENAS;PEREIRA TRADICIONALES PEQUENAS
PEREIRA TRADICIONALES GRANDES;PEREIRA TRADICIONALES GRANDES
VILLAVICENCIO TRADICIONALES;VILLAVICENCIO TRADICIONALES
VILLAVICENCIO TRADICIONALES PEQUENAS;VILLAVICENCIO TRADICIONALES PEQUENAS
VILLAVICENCIO TRADICIONALES GRANDES;VILLAVICENCIO TRADICIONALES GRANDES
BOGOTA NORTE SUP MIN TRA;BOGOTA NORTE SUP MIN TRA
NEW BOGOTA NORTE SUP MIN TRA 72;NEW BOGOTA NORTE SUP MIN TRA 72
BOGOTA SUR SUP MIN TRA;BOGOTA SUR SUP MIN TRA
NEW BOGOTA SUR SUP MIN TRA 72;NEW BOGOTA SUR SUP MIN TRA 72
BOGOTA ORIENTE SUP MIN TRA;BOGOTA ORIENTE SUP MIN TRA
NEW BOGOTA ORIENTE SUP MIN TRA 72;NEW BOGOTA ORIENTE SUP MIN TRA 72
BOGOTA OCCIDENTE SUP MIN TRA;BOGOTA OCCIDENTE SUP MIN TRA
NEW BOGOTA OCCIDENTE SUP MIN TRA 72;NEW BOGOTA OCCIDENTE SUP MIN TRA 72
BOGOTA NORTE TRADICIONALES;BOGOTA NORTE TRADICIONALES
BOGOTA SUR TRADICIONALES;BOGOTA SUR TRADICIONALES
BOGOTA ORIENTE TRADICIONALES;BOGOTA ORIENTE TRADICIONALES
BOGOTA OCCIDENTE TRADICIONALES;BOGOTA OCCIDENTE TRADICIONALES
CALI NORTE SUP MIN TRA;CALI NORTE SUP MIN TRA
NEW CALI NORTE SUP MIN TRA 72;NEW CALI NORTE SUP MIN TRA 72
CALI SUR SUP MIN TRA;CALI SUR SUP MIN TRA
NEW CALI SUR SUP MIN TRA 72;NEW CALI SUR SUP MIN TRA 72
CALI ORIENTE SUP MIN TRA;CALI ORIENTE SUP MIN TRA
NEW CALI ORIENTE SUP MIN TRA 72;NEW CALI ORIENTE SUP MIN TRA 72
MEDELLIN NORTE SUP MIN TRA;MEDELLIN NORTE SUP MIN TRA
NEW MEDELLIN NORTE SUP MIN TRA 72;NEW MEDELLIN NORTE SUP MIN TRA 72
MEDELLIN SUR SUP MIN TRA;MEDELLIN SUR SUP MIN TRA
NEW MEDELLIN SUR SUP MIN TRA 72;NEW MEDELLIN SUR SUP MIN TRA 72
MEDELLIN CENTRO SUP MIN TRA;MEDELLIN CENTRO SUP MIN TRA
NEW MEDELLIN CENTRO SUP MIN TRA 72;NEW MEDELLIN CENTRO SUP MIN TRA 72
B/QUILLA ORIENTE SUP MIN TRA;B/QUILLA ORIENTE SUP MIN TRA
NEW B/QUILLA ORIENTE SUP MIN TRA 72;NEW B/QUILLA ORIENTE SUP MIN TRA 72
B/QUILLA OCCIDENTE SUP MIN TRA;B/QUILLA OCCIDENTE SUP MIN TRA
NEW B/QUILLA OCCIDENTE SUP MIN TRA 72;NEW B/QUILLA OCCIDENTE SUP MIN TRA 72
COLOMBIA DISCOUNTERS;COLOMBIA DISCOUNTERS
CENTRO DISCOUNTERS;CENTRO DISCOUNTERS
CUNDIBOY DISCOUNTERS;CUNDIBOY DISCOUNTERS
TOTAL COLOMBIA;TOTAL COLOMBIA
NEW TOTAL COLOMBIA;NEW TOTAL COLOMBIA
HIPERMERCADOS COLOMBIA;HIPERMERCADOS COLOMBIA
OTROS SUPER POS COLOMBIA;OTROS SUPER POS COLOMBIA
NEW OTROS SUPER POS COLOMBIA;NEW OTROS SUPER POS COLOMBIA
OTROS SUPER POS PEQUENOS COLOMBIA;OTROS SUPER POS PEQUENOS COLOMBIA
NEW OTROS SUPER POS PEQUENOS COLOMBIA;NEW OTROS SUPER POS PEQUENOS COLOMBIA
OTROS SUPER POS GRANDES COLOMBIA;OTROS SUPER POS GRANDES COLOMBIA
BOGOTA Y MEDELLIN;BOGOTA Y MEDELLIN
NEW BOGOTA Y MEDELLIN;NEW BOGOTA Y MEDELLIN
BOGOTA;BOGOTA
NEW BOGOTA;NEW BOGOTA
BOGOTA Z NORTE;BOGOTA Z NORTE
BOGOTA Z CENTRO;BOGOTA Z CENTRO
BOGOTA Z SUR;BOGOTA Z SUR
HIPERMERCADOS BOGOTA;HIPERMERCADOS BOGOTA
OTROS SUPER POS BOGOTA;OTROS SUPER POS BOGOTA
NEW OTROS SUPER POS BOGOTA;NEW OTROS SUPER POS BOGOTA
CUNDINAMARCA BOYACA;CUNDINAMARCA BOYACA
NEW CUNDINAMARCA BOYACA;NEW CUNDINAMARCA BOYACA
MEDELLIN;MEDELLIN
NEW MEDELLIN;NEW MEDELLIN
BARRANQUILLA;BARRANQUILLA
NEW BARRANQUILLA;NEW BARRANQUILLA
HIPERMERCADOS BARRANQUILLA;HIPERMERCADOS BARRANQUILLA
OTROS SUPER POS BARRANQUILLA;OTROS SUPER POS BARRANQUILLA
CARTAGENA;CARTAGENA
NEW CARTAGENA;NEW CARTAGENA
HIPERMERCADOS CARTAGENA;HIPERMERCADOS CARTAGENA
OTROS SUPER POS CARTAGENA;OTROS SUPER POS CARTAGENA
NEW OTROS SUPER POS CARTAGENA;NEW OTROS SUPER POS CARTAGENA
MONTERIA;MONTERIA
NEW MONTERIA;NEW MONTERIA
VALLEDUPAR;VALLEDUPAR
NEW VALLEDUPAR;NEW VALLEDUPAR
SANTA MARTA;SANTA MARTA
NEW SANTA MARTA;NEW SANTA MARTA
RESTO COSTA ATLANTICA;RESTO COSTA ATLANTICA
NEW RESTO COSTA ATLANTICA;NEW RESTO COSTA ATLANTICA
CALI;CALI
NEW CALI;NEW CALI
HIPERMERCADOS CALI;HIPERMERCADOS CALI
OTROS SUPER POS CALI;OTROS SUPER POS CALI
NEW OTROS SUPER POS CALI;NEW OTROS SUPER POS CALI
POPAYAN PASTO;POPAYAN PASTO
NEW POPAYAN PASTO;NEW POPAYAN PASTO
BUGA TULUA;BUGA TULUA
NEW BUGA TULUA;NEW BUGA TULUA
RESTO PACIFICO;RESTO PACIFICO
NEW RESTO PACIFICO;NEW RESTO PACIFICO
EJE CAFETERO;EJE CAFETERO
NEW EJE CAFETERO;NEW EJE CAFETERO
PEREIRA;PEREIRA
NEW PEREIRA;NEW PEREIRA
BUCARAMANGA;BUCARAMANGA
NEW BUCARAMANGA;NEW BUCARAMANGA
CUCUTA;CUCUTA
NEW CUCUTA;NEW CUCUTA
IBAGUE NEIVA;IBAGUE NEIVA
NEW IBAGUE NEIVA;NEW IBAGUE NEIVA
VILLLAVICENCIO;VILLLAVICENCIO
NEW VILLLAVICENCIO;NEW VILLLAVICENCIO
RESTO COLOMBIA;RESTO COLOMBIA
NEW RESTO COLOMBIA;NEW RESTO COLOMBIA
BOGOTA DISCOUNTERS;BOGOTA DISCOUNTERS
IBAGUE NEIVA DISCOUNTERS;IBAGUE NEIVA DISCOUNTERS
NEW OTROS SUPER POS BARRANQUILLA;NEW OTROS SUPER POS BARRANQUILLA
MONTERIA DISCOUNTERS;MONTERIA DISCOUNTERS
BARRANQUILLA DISCOUNTERS;BARRANQUILLA DISCOUNTERS
TOTAL COLOMBIA FARMACIAS;TOTAL COLOMBIA FARMACIAS
FARMACIAS BARRANQUILLA;FARMACIAS BARRANQUILLA
FARMACIAS BOGOTA;FARMACIAS BOGOTA
FARMACIAS CARTAGENA;FARMACIAS CARTAGENA
FARMACIAS MEDELLIN;FARMACIAS MEDELLIN
FARMACIAS SANTA MARTA;FARMACIAS SANTA MARTA
ATLANTICO DISCOUNTERS;ATLANTICO DISCOUNTERS
LLANOS DISCOUNTERS;LLANOS DISCOUNTERS
COLOMBIA SUP MIN TRA LIC KIO CAJ BAR REST CAF/PAN;COLOMBIA SUP MIN TRA LIC KIO CAJ BAR REST CAF/PAN
NEW COLOMBIA SUP MIN TRA LIC KIO CAJ BAR REST CAF/PAN 72;NEW COLOMBIA SUP MIN TRA LIC KIO CAJ BAR REST CAF/PAN 72
COLOMBIA CAP SUP MIN TRA LIC KIO CAJ BAR REST CAF/PAN;COLOMBIA CAP SUP MIN TRA LIC KIO CAJ BAR REST CAF/PAN
NEW COLOMBIA CAP SUP MIN TRA LIC KIO CAJ BAR REST CAF/PAN 72;NEW COLOMBIA CAP SUP MIN TRA LIC KIO CAJ BAR REST CAF/PAN 72
COLOMBIA OTROS MUN SUP MIN TRA LIC KIO CAJ BAR REST CAF/PAN;COLOMBIA OTROS MUN SUP MIN TRA LIC KIO CAJ BAR REST CAF/PAN
NEW COLOMBIA OTROS MUN SUP MIN TRA LIC KIO CAJ BAR REST CAF/PAN 72;NEW COLOMBIA OTROS MUN SUP MIN TRA LIC KIO CAJ BAR REST CAF/PAN 72
COLOMBIA TRADICIONALES CONS LOCAL;COLOMBIA TRADICIONALES CONS LOCAL
COLOMBIA CONS LOCAL;COLOMBIA CONS LOCAL
COLOMBIA KIOSKOS CAJONEROS;COLOMBIA KIOSKOS CAJONEROS
COLOMBIA CONS LOCAL LICORERIA;COLOMBIA CONS LOCAL LICORERIA
ATLANTICO SUP MIN TRA LIC KIO CAJ BAR REST CAF/PAN2;ATLANTICO SUP MIN TRA LIC KIO CAJ BAR REST CAF/PAN2
NEW ATLANTICO SUP MIN TRA LIC KIO CAJ BAR REST CAF/PAN 72;NEW ATLANTICO SUP MIN TRA LIC KIO CAJ BAR REST CAF/PAN 72
ATLANTICO CAP SUP MIN TRA LIC KIO CAJ BAR REST CAF/PAN;ATLANTICO CAP SUP MIN TRA LIC KIO CAJ BAR REST CAF/PAN
NEW ATLANTICO CAP SUP MIN TRA LIC KIO CAJ BAR REST CAF/PAN 72;NEW ATLANTICO CAP SUP MIN TRA LIC KIO CAJ BAR REST CAF/PAN 72
ATLANTICO OTROS MUN SUP MIN TRA LIC KIO CAJ BAR REST CAF/PAN;ATLANTICO OTROS MUN SUP MIN TRA LIC KIO CAJ BAR REST CAF/PAN
NEW ATLANTICO OTROS MUN SUP MIN TRA LIC KIO CAJ BAR REST CAF/PAN 72;NEW ATLANTICO OTROS MUN SUP MIN TRA LIC KIO CAJ BAR REST CAF/PAN 72
ATLANTICO TRADICIONALES CONS LOCAL;ATLANTICO TRADICIONALES CONS LOCAL
ATLANTICO CONS LOCAL;ATLANTICO CONS LOCAL
ATLANTICO CONS LOCAL LICORERIA;ATLANTICO CONS LOCAL LICORERIA
DPTO ATLANTICO SUP MIN TRA LIC KIO CAJ BAR REST CAF/PAN;DPTO ATLANTICO SUP MIN TRA LIC KIO CAJ BAR REST CAF/PAN
NEW DPTO ATLANTICO SUP MIN TRA LIC KIO CAJ BAR REST CAF/PAN 72;NEW DPTO ATLANTICO SUP MIN TRA LIC KIO CAJ BAR REST CAF/PAN 72
RESTO DE COSTA ATLAN SUP MIN TRA LIC KIO CAJ BAR REST CAF/PAN;RESTO DE COSTA ATLAN SUP MIN TRA LIC KIO CAJ BAR REST CAF/PAN
NEW RESTO DE COSTA ATLAN SUP MIN TRA LIC KIO CAJ BAR REST CAF/PAN 72;NEW RESTO DE COSTA ATLAN SUP MIN TRA LIC KIO CAJ BAR REST CAF/PAN 72
ATLANTICO METRO SUP MIN TRA LIC KIO CAJ BAR REST CAF/PAN;ATLANTICO METRO SUP MIN TRA LIC KIO CAJ BAR REST CAF/PAN
NEW ATLANTICO METRO SUP MIN TRA LIC KIO CAJ BAR REST CAF/PAN 72;NEW ATLANTICO METRO SUP MIN TRA LIC KIO CAJ BAR REST CAF/PAN 72
ATLANTICO NORTE SUP MIN TRA LIC KIO CAJ BAR REST CAF/PAN;ATLANTICO NORTE SUP MIN TRA LIC KIO CAJ BAR REST CAF/PAN
NEW ATLANTICO NORTE SUP MIN TRA LIC KIO CAJ BAR REST CAF/PAN 72;NEW ATLANTICO NORTE SUP MIN TRA LIC KIO CAJ BAR REST CAF/PAN 72
ATLANTICO SUR SUP MIN TRA LIC KIO CAJ BAR REST CAF/PAN;ATLANTICO SUR SUP MIN TRA LIC KIO CAJ BAR REST CAF/PAN
NEW ATLANTICO SUR SUP MIN TRA LIC KIO CAJ BAR REST CAF/PAN 72;NEW ATLANTICO SUR SUP MIN TRA LIC KIO CAJ BAR REST CAF/PAN 72
ANTIOQUIA CHOCO SUP MIN TRA LIC KIO CAJ BAR REST CAF/PAN;ANTIOQUIA CHOCO SUP MIN TRA LIC KIO CAJ BAR REST CAF/PAN
NEW ANTIOQUIA CHOCO SUP MIN TRA LIC KIO CAJ BAR REST CAF/PAN 72;NEW ANTIOQUIA CHOCO SUP MIN TRA LIC KIO CAJ BAR REST CAF/PAN 72
ANTIOQUIA CHOCO CAP SUP MIN TRA LIC KIO CAJ BAR REST CAF/PAN;ANTIOQUIA CHOCO CAP SUP MIN TRA LIC KIO CAJ BAR REST CAF/PAN
NEW ANTIOQUIA CHOCO CAP SUP MIN TRA LIC KIO CAJ BAR REST CAF/PAN 72;NEW ANTIOQUIA CHOCO CAP SUP MIN TRA LIC KIO CAJ BAR REST CAF/PAN 72
ANTIOQUIA CHOCO OTROS MUN SUP MIN TRA LIC KIO CAJ BAR REST CAF/PAN;ANTIOQUIA CHOCO OTROS MUN SUP MIN TRA LIC KIO CAJ BAR REST CAF/PAN
NEW ANTIOQUIA CHOCO OTROS MUN SUP MIN TRA LIC KIO CAJ BAR REST CAF/PAN 72;NEW ANTIOQUIA CHOCO OTROS MUN SUP MIN TRA LIC KIO CAJ BAR REST CAF/PAN 72
ANTIOQUIA CHOCO TRADICIONALES CONS LOCAL;ANTIOQUIA CHOCO TRADICIONALES CONS LOCAL
ANTIOQUIA CHOCO CONS LOCAL;ANTIOQUIA CHOCO CONS LOCAL
ANTIOQUIA CHOCO KIOSKOS CAJONEROS;ANTIOQUIA CHOCO KIOSKOS CAJONEROS
ANTIOQUIA CHOCO CONS LOCAL LICORERIA;ANTIOQUIA CHOCO CONS LOCAL LICORERIA
SANTANDERES SUP MIN TRA LIC KIO CAJ BAR REST CAF/PAN;SANTANDERES SUP MIN TRA LIC KIO CAJ BAR REST CAF/PAN
NEW SANTANDERES SUP MIN TRA LIC KIO CAJ BAR REST CAF/PAN 72;NEW SANTANDERES SUP MIN TRA LIC KIO CAJ BAR REST CAF/PAN 72
SANTANDERES CAP SUP MIN TRA LIC KIO CAJ BAR REST CAF/PAN;SANTANDERES CAP SUP MIN TRA LIC KIO CAJ BAR REST CAF/PAN
NEW SANTANDERES CAP SUP MIN TRA LIC KIO CAJ BAR REST CAF/PAN 72;NEW SANTANDERES CAP SUP MIN TRA LIC KIO CAJ BAR REST CAF/PAN 72
SANTANDERES OTROS MUN SUP MIN TRA LIC KIO CAJ BAR REST CAF/PAN;SANTANDERES OTROS MUN SUP MIN TRA LIC KIO CAJ BAR REST CAF/PAN
NEW SANTANDERES OTROS MUN SUP MIN TRA LIC KIO CAJ BAR REST CAF/PAN 72;NEW SANTANDERES OTROS MUN SUP MIN TRA LIC KIO CAJ BAR REST CAF/PAN 72
SANTANDERES TRADICIONALES CONS LOCAL;SANTANDERES TRADICIONALES CONS LOCAL
SANTANDERES CONS LOCAL;SANTANDERES CONS LOCAL
SANTANDERES CONS LOCAL LICORERIA;SANTANDERES CONS LOCAL LICORERIA
CUNDI BOY SUP MIN TRA LIC KIO CAJ BAR REST CAF/PAN;CUNDI BOY SUP MIN TRA LIC KIO CAJ BAR REST CAF/PAN
NEW CUNDI BOY SUP MIN TRA LIC KIO CAJ BAR REST CAF/PAN 72;NEW CUNDI BOY SUP MIN TRA LIC KIO CAJ BAR REST CAF/PAN 72
CUNDI BOY CAP SUP MIN TRA LIC KIO CAJ BAR REST CAF/PAN;CUNDI BOY CAP SUP MIN TRA LIC KIO CAJ BAR REST CAF/PAN
NEW CUNDI BOY CAP SUP MIN TRA LIC KIO CAJ BAR REST CAF/PAN 72;NEW CUNDI BOY CAP SUP MIN TRA LIC KIO CAJ BAR REST CAF/PAN 72
CUNDI BOY OTROS MUN SUP MIN TRA LIC KIO CAJ BAR REST CAF/PAN;CUNDI BOY OTROS MUN SUP MIN TRA LIC KIO CAJ BAR REST CAF/PAN
NEW CUNDI BOY OTROS MUN SUP MIN TRA LIC KIO CAJ BAR REST CAF/PAN 72;NEW CUNDI BOY OTROS MUN SUP MIN TRA LIC KIO CAJ BAR REST CAF/PAN 72
CUNDI BOY TRADICIONALES CONS LOCAL;CUNDI BOY TRADICIONALES CONS LOCAL
CUNDI BOY CONS LOCAL;CUNDI BOY CONS LOCAL
CUNDI BOY CONS LOCAL LICORERIA;CUNDI BOY CONS LOCAL LICORERIA
EJE CAFETERO SUP MIN TRA LIC KIO CAJ BAR REST CAF/PAN;EJE CAFETERO SUP MIN TRA LIC KIO CAJ BAR REST CAF/PAN
NEW EJE CAFETERO SUP MIN TRA LIC KIO CAJ BAR REST CAF/PAN 72;NEW EJE CAFETERO SUP MIN TRA LIC KIO CAJ BAR REST CAF/PAN 72
EJE CAFETERO CAP SUP MIN TRA LIC KIO CAJ BAR REST CAF/PAN;EJE CAFETERO CAP SUP MIN TRA LIC KIO CAJ BAR REST CAF/PAN
NEW EJE CAFETERO CAP SUP MIN TRA LIC KIO CAJ BAR REST CAF/PAN 72;NEW EJE CAFETERO CAP SUP MIN TRA LIC KIO CAJ BAR REST CAF/PAN 72
EJE CAFETERO OTROS MUN SUP MIN TRA LIC KIO CAJ BAR REST CAF/PAN;EJE CAFETERO OTROS MUN SUP MIN TRA LIC KIO CAJ BAR REST CAF/PAN
NEW EJE CAFETERO OTROS MUN SUP MIN TRA LIC KIO CAJ BAR REST CAF/PAN 72;NEW EJE CAFETERO OTROS MUN SUP MIN TRA LIC KIO CAJ BAR REST CAF/PAN 72
EJE CAFETERO TRADICIONALES CONS LOCAL;EJE CAFETERO TRADICIONALES CONS LOCAL
EJE CAFETERO CONS LOCAL LICORERIA;EJE CAFETERO CONS LOCAL LICORERIA
CENTRO SUP MIN TRA LIC KIO CAJ BAR REST CAF/PAN;CENTRO SUP MIN TRA LIC KIO CAJ BAR REST CAF/PAN
NEW CENTRO SUP MIN TRA LIC KIO CAJ BAR REST CAF/PAN 72;NEW CENTRO SUP MIN TRA LIC KIO CAJ BAR REST CAF/PAN 72
CENTRO CAP SUP MIN TRA LIC KIO CAJ BAR REST CAF/PAN;CENTRO CAP SUP MIN TRA LIC KIO CAJ BAR REST CAF/PAN
NEW CENTRO CAP SUP MIN TRA LIC KIO CAJ BAR REST CAF/PAN 72;NEW CENTRO CAP SUP MIN TRA LIC KIO CAJ BAR REST CAF/PAN 72
CENTRO OTROS MUN SUP MIN TRA LIC KIO CAJ BAR REST CAF/PAN;CENTRO OTROS MUN SUP MIN TRA LIC KIO CAJ BAR REST CAF/PAN
NEW CENTRO OTROS MUN SUP MIN TRA LIC KIO CAJ BAR REST CAF/PAN 72;NEW CENTRO OTROS MUN SUP MIN TRA LIC KIO CAJ BAR REST CAF/PAN 72
CENTRO TRADICIONALES CONS LOCAL;CENTRO TRADICIONALES CONS LOCAL
LLANOS SUP MIN TRA LIC KIO CAJ BAR REST CAF/PAN;LLANOS SUP MIN TRA LIC KIO CAJ BAR REST CAF/PAN
NEW LLANOS SUP MIN TRA LIC KIO CAJ BAR REST CAF/PAN 72;NEW LLANOS SUP MIN TRA LIC KIO CAJ BAR REST CAF/PAN 72
LLANOS CAP SUP MIN TRA LIC KIO CAJ BAR REST CAF/PAN;LLANOS CAP SUP MIN TRA LIC KIO CAJ BAR REST CAF/PAN
NEW LLANOS CAP SUP MIN TRA LIC KIO CAJ BAR REST CAF/PAN 72;NEW LLANOS CAP SUP MIN TRA LIC KIO CAJ BAR REST CAF/PAN 72
LLANOS OTROS MUN SUP MIN TRA LIC KIO CAJ BAR REST CAF/PAN;LLANOS OTROS MUN SUP MIN TRA LIC KIO CAJ BAR REST CAF/PAN
NEW LLANOS OTROS MUN SUP MIN TRA LIC KIO CAJ BAR REST CAF/PAN 72;NEW LLANOS OTROS MUN SUP MIN TRA LIC KIO CAJ BAR REST CAF/PAN 72
LLANOS TRADICIONALES CONS LOCAL;LLANOS TRADICIONALES CONS LOCAL
PACIFICO SUP MIN TRA LIC KIO CAJ BAR REST;PACIFICO SUP MIN TRA LIC KIO CAJ BAR REST
NEW PACIFICO SUP MIN TRA LIC KIO CAJ BAR REST 72;NEW PACIFICO SUP MIN TRA LIC KIO CAJ BAR REST 72
PACIFICO CAP SUP MIN TRA LIC KIO CAJ BAR REST CAF/PAN;PACIFICO CAP SUP MIN TRA LIC KIO CAJ BAR REST CAF/PAN
NEW PACIFICO CAP SUP MIN TRA LIC KIO CAJ BAR REST CAF/PAN 72;NEW PACIFICO CAP SUP MIN TRA LIC KIO CAJ BAR REST CAF/PAN 72
PACIFICO OTROS MUN SUP MIN TRA LIC KIO CAJ BAR REST CAF/PAN;PACIFICO OTROS MUN SUP MIN TRA LIC KIO CAJ BAR REST CAF/PAN
NEW PACIFICO OTROS MUN SUP MIN TRA LIC KIO CAJ BAR REST CAF/PAN 72;NEW PACIFICO OTROS MUN SUP MIN TRA LIC KIO CAJ BAR REST CAF/PAN 72
PACIFICO TRADICIONALES CONS LOCAL;PACIFICO TRADICIONALES CONS LOCAL
PACIFICO CONS LOCAL;PACIFICO CONS LOCAL
PACIFICO CONS LOCAL LICORERIA;PACIFICO CONS LOCAL LICORERIA
DPTO VALLE PACIFICO SUP MIN TRA LIC KIO CAJ BAR REST CAF/PAN;DPTO VALLE PACIFICO SUP MIN TRA LIC KIO CAJ BAR REST CAF/PAN
NEW DPTO VALLE PACIFICO SUP MIN TRA LIC KIO CAJ BAR REST CAF/PAN 72;NEW DPTO VALLE PACIFICO SUP MIN TRA LIC KIO CAJ BAR REST CAF/PAN 72
CAUCA NARINO PACIFICO SUP MIN TRA LIC KIO CAJ BAR REST CAF/PAN;CAUCA NARINO PACIFICO SUP MIN TRA LIC KIO CAJ BAR REST CAF/PAN
NEW CAUCA NARINO PACIFICO SUP MIN TRA LIC KIO CAJ BAR REST CAF/PAN 72;NEW CAUCA NARINO PACIFICO SUP MIN TRA LIC KIO CAJ BAR REST CAF/PAN 72
10 CIUDADES METRO SUP MIN TRA LIC KIOS CAJ BAR REST CAF/PAN;10 CIUDADES METRO SUP MIN TRA LIC KIOS CAJ BAR REST CAF/PAN
NEW 10 CIUDADES METRO SUP MIN TRA LIC KIOS CAJ BAR REST CAF/PAN 72;NEW 10 CIUDADES METRO SUP MIN TRA LIC KIOS CAJ BAR REST CAF/PAN 72
B/QUILLA METRO SUP MIN TRA LIC KIOS CAJ BAR REST CAF/PAN;B/QUILLA METRO SUP MIN TRA LIC KIOS CAJ BAR REST CAF/PAN
NEW B/QUILLA METRO SUP MIN TRA LIC KIOS CAJ BAR REST CAF/PAN 72;NEW B/QUILLA METRO SUP MIN TRA LIC KIOS CAJ BAR REST CAF/PAN 72
BOGOTA METRO SUP MIN TRA LIC KIOS CAJ BAR REST CAF/PAN;BOGOTA METRO SUP MIN TRA LIC KIOS CAJ BAR REST CAF/PAN
NEW BOGOTA METRO SUP MIN TRA LIC KIOS CAJ BAR REST CAF/PAN 72;NEW BOGOTA METRO SUP MIN TRA LIC KIOS CAJ BAR REST CAF/PAN 72
B/MANGA METRO SUP MIN TRA LIC KIOS CAJ BAR REST CAF/PAN;B/MANGA METRO SUP MIN TRA LIC KIOS CAJ BAR REST CAF/PAN
NEW B/MANGA METRO SUP MIN TRA LIC KIOS CAJ BAR REST CAF/PAN 72;NEW B/MANGA METRO SUP MIN TRA LIC KIOS CAJ BAR REST CAF/PAN 72
CALI METRO SUP MIN TRA LIC KIOS CAJ BAR REST CAF/PAN;CALI METRO SUP MIN TRA LIC KIOS CAJ BAR REST CAF/PAN
NEW CALI METRO SUP MIN TRA LIC KIOS CAJ BAR REST CAF/PAN 72;NEW CALI METRO SUP MIN TRA LIC KIOS CAJ BAR REST CAF/PAN 72
CARTAGENA METRO SUP MIN TRA LIC KIOS CAJ BAR REST CAF/PAN;CARTAGENA METRO SUP MIN TRA LIC KIOS CAJ BAR REST CAF/PAN
NEW CARTAGENA METRO SUP MIN TRA LIC KIOS CAJ BAR REST CAF/PAN 72;NEW CARTAGENA METRO SUP MIN TRA LIC KIOS CAJ BAR REST CAF/PAN 72
IBAGUE METRO SUP MIN TRA LIC KIOS CAJ BAR REST CAF/PAN;IBAGUE METRO SUP MIN TRA LIC KIOS CAJ BAR REST CAF/PAN
NEW IBAGUE METRO SUP MIN TRA LIC KIOS CAJ BAR REST CAF/PAN 72;NEW IBAGUE METRO SUP MIN TRA LIC KIOS CAJ BAR REST CAF/PAN 72
CUCUTA METRO SUP MIN TRA LIC KIO CAJ BAR REST CAF/PAN;CUCUTA METRO SUP MIN TRA LIC KIO CAJ BAR REST CAF/PAN
NEW CUCUTA METRO SUP MIN TRA LIC KIO CAJ BAR REST CAF/PAN 72;NEW CUCUTA METRO SUP MIN TRA LIC KIO CAJ BAR REST CAF/PAN 72
MEDELLIN METRO SUP MIN TRA LIC KIOS CAJ BAR REST CAF/PAN;MEDELLIN METRO SUP MIN TRA LIC KIOS CAJ BAR REST CAF/PAN
NEW MEDELLIN METRO SUP MIN TRA LIC KIOS CAJ BAR REST CAF/PAN 72;NEW MEDELLIN METRO SUP MIN TRA LIC KIOS CAJ BAR REST CAF/PAN 72
PEREIRA METRO SUP MIN TRA LIC KIOS CAJ BAR REST CAF/PAN;PEREIRA METRO SUP MIN TRA LIC KIOS CAJ BAR REST CAF/PAN
NEW PEREIRA METRO SUP MIN TRA LIC KIOS CAJ BAR REST CAF/PAN 72;NEW PEREIRA METRO SUP MIN TRA LIC KIOS CAJ BAR REST CAF/PAN 72
VILLAVICENCIO METRO SUP MIN TRA LIC KIOS CAJ BAR REST CAF/PAN;VILLAVICENCIO METRO SUP MIN TRA LIC KIOS CAJ BAR REST CAF/PAN
NEW VILLAVICENCIO METRO SUP MIN TRA LIC KIOS CAJ BAR REST CAF/PAN 72;NEW VILLAVICENCIO METRO SUP MIN TRA LIC KIOS CAJ BAR REST CAF/PAN 72
BOGOTA SUP MIN TRA LIC KIOS CAJ BAR REST CAF/PAN;BOGOTA SUP MIN TRA LIC KIOS CAJ BAR REST CAF/PAN
NEW BOGOTA SUP MIN TRA LIC KIOS CAJ BAR REST CAF/PAN 72;NEW BOGOTA SUP MIN TRA LIC KIOS CAJ BAR REST CAF/PAN 72
BOGOTA NORTE SUP MIN TRA LIC KIOS CAJ BAR REST CAF/PAN;BOGOTA NORTE SUP MIN TRA LIC KIOS CAJ BAR REST CAF/PAN
NEW BOGOTA NORTE SUP MIN TRA LIC KIOS CAJ BAR REST CAF/PAN 72;NEW BOGOTA NORTE SUP MIN TRA LIC KIOS CAJ BAR REST CAF/PAN 72
BOGOTA SUR SUP MIN TRA LIC KIOS CAJ BAR REST CAF/PAN;BOGOTA SUR SUP MIN TRA LIC KIOS CAJ BAR REST CAF/PAN
NEW BOGOTA SUR SUP MIN TRA LIC KIOS CAJ BAR REST CAF/PAN 72;NEW BOGOTA SUR SUP MIN TRA LIC KIOS CAJ BAR REST CAF/PAN 72
BOGOTA ORIENTE SUP MIN TRA LIC KIOS CAJ BAR REST CAF/PAN;BOGOTA ORIENTE SUP MIN TRA LIC KIOS CAJ BAR REST CAF/PAN
NEW BOGOTA ORIENTE SUP MIN TRA LIC KIOS CAJ BAR REST CAF/PAN 72;NEW BOGOTA ORIENTE SUP MIN TRA LIC KIOS CAJ BAR REST CAF/PAN 72
BOGOTA OCCIDENTE SUP MIN TRA LIC KIOS CAJ BAR REST CAF/PAN;BOGOTA OCCIDENTE SUP MIN TRA LIC KIOS CAJ BAR REST CAF/PAN
NEW BOGOTA OCCIDENTE SUP MIN TRA LIC KIOS CAJ BAR REST CAF/PAN 72;NEW BOGOTA OCCIDENTE SUP MIN TRA LIC KIOS CAJ BAR REST CAF/PAN 72
CALI SUP MIN TRA LIC KIOS CAJ BAR REST CAF/PAN;CALI SUP MIN TRA LIC KIOS CAJ BAR REST CAF/PAN
NEW CALI SUP MIN TRA LIC KIOS CAJ BAR REST CAF/PAN 72;NEW CALI SUP MIN TRA LIC KIOS CAJ BAR REST CAF/PAN 72
CALI NORTE SUP MIN TRA LIC KIOS CAJ BAR REST CAF/PAN;CALI NORTE SUP MIN TRA LIC KIOS CAJ BAR REST CAF/PAN
NEW CALI NORTE SUP MIN TRA LIC KIOS CAJ BAR REST CAF/PAN 72;NEW CALI NORTE SUP MIN TRA LIC KIOS CAJ BAR REST CAF/PAN 72
CALI SUR SUP MIN TRA LIC KIOS CAJ BAR REST CAF/PAN;CALI SUR SUP MIN TRA LIC KIOS CAJ BAR REST CAF/PAN
NEW CALI SUR SUP MIN TRA LIC KIOS CAJ BAR REST CAF/PAN 72;NEW CALI SUR SUP MIN TRA LIC KIOS CAJ BAR REST CAF/PAN 72
CALI ORIENTE SUP MIN TRA LIC KIOS CAJ BAR REST CAF/PAN;CALI ORIENTE SUP MIN TRA LIC KIOS CAJ BAR REST CAF/PAN
NEW CALI ORIENTE SUP MIN TRA LIC KIOS CAJ BAR REST CAF/PAN 72;NEW CALI ORIENTE SUP MIN TRA LIC KIOS CAJ BAR REST CAF/PAN 72
MEDELLIN SUP MIN TRA LIC KIOS CAJ BAR REST CAF/PAN;MEDELLIN SUP MIN TRA LIC KIOS CAJ BAR REST CAF/PAN
NEW MEDELLIN SUP MIN TRA LIC KIOS CAJ BAR REST CAF/PAN 72;NEW MEDELLIN SUP MIN TRA LIC KIOS CAJ BAR REST CAF/PAN 72
MEDELLIN NORTE SUP MIN TRA LIC KIOS CAJ BAR REST CAF/PAN;MEDELLIN NORTE SUP MIN TRA LIC KIOS CAJ BAR REST CAF/PAN
NEW MEDELLIN NORTE SUP MIN TRA LIC KIOS CAJ BAR REST CAF/PAN 72;NEW MEDELLIN NORTE SUP MIN TRA LIC KIOS CAJ BAR REST CAF/PAN 72
MEDELLIN CENTRO SUP MIN TRA LIC KIOS CAJ BAR REST CAF/PAN;MEDELLIN CENTRO SUP MIN TRA LIC KIOS CAJ BAR REST CAF/PAN
NEW MEDELLIN CENTRO SUP MIN TRA LIC KIOS CAJ BAR REST CAF/PAN 72;NEW MEDELLIN CENTRO SUP MIN TRA LIC KIOS CAJ BAR REST CAF/PAN 72
MEDELLIN SUR SUP MIN TRA LIC KIOS CAJ BAR REST CAF/PAN;MEDELLIN SUR SUP MIN TRA LIC KIOS CAJ BAR REST CAF/PAN
NEW MEDELLIN SUR SUP MIN TRA LIC KIOS CAJ BAR REST CAF/PAN 72;NEW MEDELLIN SUR SUP MIN TRA LIC KIOS CAJ BAR REST CAF/PAN 72
B/QUILLA SUP MIN TRA LIC KIOS CAJ BAR REST CAF/PAN;B/QUILLA SUP MIN TRA LIC KIOS CAJ BAR REST CAF/PAN
NEW B/QUILLA SUP MIN TRA LIC KIOS CAJ BAR REST CAF/PAN 72;NEW B/QUILLA SUP MIN TRA LIC KIOS CAJ BAR REST CAF/PAN 72
B/QUILLA ORIENTE SUP MIN TRA LIC KIOS CAJ BAR REST CAF/PAN;B/QUILLA ORIENTE SUP MIN TRA LIC KIOS CAJ BAR REST CAF/PAN
NEW B/QUILLA ORIENTE SUP MIN TRA LIC KIOS CAJ BAR REST CAF/PAN 72;NEW B/QUILLA ORIENTE SUP MIN TRA LIC KIOS CAJ BAR REST CAF/PAN 72
B/QUILLA OCCIDENTE SUP MIN TRA LIC KIOS CAJ BAR REST CAF/PAN;B/QUILLA OCCIDENTE SUP MIN TRA LIC KIOS CAJ BAR REST CAF/PAN
NEW B/QUILLA OCCIDENTE SUP MIN TRA LIC KIOS CAJ BAR REST CAF/PAN 72;NEW B/QUILLA OCCIDENTE SUP MIN TRA LIC KIOS CAJ BAR REST CAF/PAN 72
COLOMBIA TRAD CONS LOCAL LICO;COLOMBIA TRAD CONS LOCAL LICO
ATLANTICO TRAD CONS LOCAL LICO2;ATLANTICO TRAD CONS LOCAL LICO2
ATLANTICO KIOSKOS CAJONEROS2;ATLANTICO KIOSKOS CAJONEROS2
ANTIOQUIA CHOCO TRAD CONS LOCAL LICO;ANTIOQUIA CHOCO TRAD CONS LOCAL LICO
SANTANDERES TRAD CONS LOCAL LICO;SANTANDERES TRAD CONS LOCAL LICO
SANTANDERES KIOSKOS CAJONEROS;SANTANDERES KIOSKOS CAJONEROS
CUND/BOY TRAD CONS LOCAL LICO;CUND/BOY TRAD CONS LOCAL LICO
CUNDI BOY KIOSKOS CAJONEROS;CUNDI BOY KIOSKOS CAJONEROS
EJE CAFETERO TRAD CONS LOCAL LICO;EJE CAFETERO TRAD CONS LOCAL LICO
EJE CAFETERO CONS LOCAL;EJE CAFETERO CONS LOCAL
EJE CAFETERO KIOSKOS CAJONEROS;EJE CAFETERO KIOSKOS CAJONEROS
CENTRO TRAD CONS LOCAL LICO;CENTRO TRAD CONS LOCAL LICO
CENTRO CONS LOCAL;CENTRO CONS LOCAL
CENTRO KIOSKOS CAJONEROS;CENTRO KIOSKOS CAJONEROS
CENTRO CONS LOCAL LICORERIA;CENTRO CONS LOCAL LICORERIA
LLANOS TRAD CONS LOCAL LICO;LLANOS TRAD CONS LOCAL LICO
LLANOS CONS LOCAL;LLANOS CONS LOCAL
LLANOS KIOSKOS CAJONEROS;LLANOS KIOSKOS CAJONEROS
LLANOS CONS LOCAL LICORERIA;LLANOS CONS LOCAL LICORERIA
PACIFICO TRAD CONS LOCAL LICO;PACIFICO TRAD CONS LOCAL LICO
PACIFICO KIOSKOS CAJONEROS;PACIFICO KIOSKOS CAJONEROS
TOTAL 10 CIUDADES AREA METRO;TOTAL 10 CIUDADES AREA METRO
TOTAL BARRANQUILLA METRO;TOTAL BARRANQUILLA METRO
TOTAL BOGOTA METRO;TOTAL BOGOTA METRO
TOTAL BUCARAMANGA METRO;TOTAL BUCARAMANGA METRO
TOTAL CALI METRO METRO;TOTAL CALI METRO METRO
TOTAL CARTAGENA METRO;TOTAL CARTAGENA METRO
TOTAL CUCUTA METRO;TOTAL CUCUTA METRO
TOTAL IBAGUE METRO;TOTAL IBAGUE METRO
TOTAL MEDELLIN METRO;TOTAL MEDELLIN METRO
TOTAL PEREIRA METRO;TOTAL PEREIRA METRO
TOTAL VILLAVICENCIO METRO;TOTAL VILLAVICENCIO METRO
CONS LOCAL 10 CIUDADES METRO;CONS LOCAL 10 CIUDADES METRO
DROGUERIAS 10 CIUDADES;DROGUERIAS 10 CIUDADES
TOTAL 10 CIUDADES METRO AUTOSERVICIO;TOTAL 10 CIUDADES METRO AUTOSERVICIO
10 CIUDADES METRO SUPERMERCADOS CADENA;10 CIUDADES METRO SUPERMERCADOS CADENA
SUPERETES 10 CIUDADES;SUPERETES 10 CIUDADES
TRADICIONALES 10 CIUDADES;TRADICIONALES 10 CIUDADES
NEW TOTAL 10 CIUDADES AREA METRO HEL;NEW TOTAL 10 CIUDADES AREA METRO HEL
NEW TOTAL 10 CIUDADES METRO AUTOSERVICIO HEL;NEW TOTAL 10 CIUDADES METRO AUTOSERVICIO HEL
TOTAL BOGOTA;TOTAL BOGOTA
TOTAL BOGOTA NORTE;TOTAL BOGOTA NORTE
TOTAL BOGOTA OCCIDENTE;TOTAL BOGOTA OCCIDENTE
TOTAL BOGOTA ORIENTE;TOTAL BOGOTA ORIENTE
TOTAL BOGOTA SUR;TOTAL BOGOTA SUR
TOTAL MEDELLIN;TOTAL MEDELLIN
TOTAL MEDELLIN CENTRO;TOTAL MEDELLIN CENTRO
TOTAL MEDELLIN NORTE;TOTAL MEDELLIN NORTE
TOTAL MEDELLIN SUR;TOTAL MEDELLIN SUR
NEW MEDELLIN NORTE;NEW MEDELLIN NORTE
NEW MEDELLIN SUR;NEW MEDELLIN SUR
NEW MEDELLIN CENTRO;NEW MEDELLIN CENTRO
TOTAL CALI;TOTAL CALI
TOTAL CALI NORTE;TOTAL CALI NORTE
TOTAL CALI ORIENTE;TOTAL CALI ORIENTE
TOTAL CALI SUR;TOTAL CALI SUR
TOTAL BARRANQUILLA;TOTAL BARRANQUILLA
TOTAL BARRANQUILLA OCCIDENTE;TOTAL BARRANQUILLA OCCIDENTE
TOTAL BARRANQUILLA ORIENTE;TOTAL BARRANQUILLA ORIENTE
NEW B/QUILLA;NEW B/QUILLA
NEW B/QUILLA OCCIDENTE;NEW B/QUILLA OCCIDENTE
NEW B/QUILLA ORIENTE;NEW B/QUILLA ORIENTE
NEW TOTAL BOGOTA METRO HEL;NEW TOTAL BOGOTA METRO HEL
NEW TOTAL BARRANQUILLA METRO HEL;NEW TOTAL BARRANQUILLA METRO HEL
NEW TOTAL BUCARAMANGA METRO HEL;NEW TOTAL BUCARAMANGA METRO HEL
NEW TOTAL CALI METRO METRO HEL;NEW TOTAL CALI METRO METRO HEL
NEW TOTAL MEDELLIN METRO HEL;NEW TOTAL MEDELLIN METRO HEL
NEW TOTAL CARTAGENA METRO HEL;NEW TOTAL CARTAGENA METRO HEL
NEW TOTAL CUCUTA METRO HEL;NEW TOTAL CUCUTA METRO HEL
NEW TOTAL IBAGUE METRO HEL;NEW TOTAL IBAGUE METRO HEL
NEW TOTAL PEREIRA METRO HEL;NEW TOTAL PEREIRA METRO HEL
NEW TOTAL VILLAVICENCIO METRO HEL 3C;NEW TOTAL VILLAVICENCIO METRO HEL 3C
NEW BOGOTA NORTE;NEW BOGOTA NORTE
NEW BOGOTA ORIENTE;NEW BOGOTA ORIENTE
NEW BOGOTA OCCIDENTE;NEW BOGOTA OCCIDENTE
NEW BOGOTA SUR;NEW BOGOTA SUR
NEW CALI NORTE;NEW CALI NORTE
NEW CALI ORIENTE;NEW CALI ORIENTE
NEW CALI SUR;NEW CALI SUR
RESTO C/MARCA SUP MIN TRA LIC KIO CAJ BAR REST CAF/PAN;RESTO C/MARCA SUP MIN TRA LIC KIO CAJ BAR REST CAF/PAN
BOYACA SUP MIN TRAD LIC KIO CAJ BAR REST CAF/PAN;BOYACA SUP MIN TRAD LIC KIO CAJ BAR REST CAF/PAN
C/MARCA SUP MIN TRA LIC KIO CAJ BAR REST CAF/PAN;C/MARCA SUP MIN TRA LIC KIO CAJ BAR REST CAF/PAN
ANTIOQUIACHOCO DISCOUNTERS;ANTIOQUIACHOCO DISCOUNTERS
EJE CAFETERO DISCOUNTERS;EJE CAFETERO DISCOUNTERS
PACIFICO DISCOUNTERS;PACIFICO DISCOUNTERS
SANTANDERES DISCOUNTERS;SANTANDERES DISCOUNTERS
NEW RESTO C/MARCA SUP MIN TRA LIC KIO CAJ BAR REST CAF/PAN 72;NEW RESTO C/MARCA SUP MIN TRA LIC KIO CAJ BAR REST CAF/PAN 72
NEW C/MARCA SUP MIN TRA LIC KIO CAJ BAR REST CAF/PAN 72;NEW C/MARCA SUP MIN TRA LIC KIO CAJ BAR REST CAF/PAN 72
NEW BOYACA SUP MIN TRAD LIC KIO CAJ BAR REST CAF/PAN 72;NEW BOYACA SUP MIN TRAD LIC KIO CAJ BAR REST CAF/PAN 72
PANAMA/BOCAS DEL TORO/SUPERMERCADOS CADENAS/SUPERMERCADO/GRUPO REY/ROMERO;PANAMA/BOCAS DEL TORO/SUPERMERCADOS CADENAS/SUPERMERCADO/GRUPO REY/ROMERO
PANAMA/BOCAS DEL TORO/SUPERMERCADOS CADENAS/SUPERMERCADO/SUPER XTRA/SUPER XTRA;PANAMA/BOCAS DEL TORO/SUPERMERCADOS CADENAS/SUPERMERCADO/SUPER XTRA/SUPER XTRA
PANAMA/CHIRIQUI/SUPERMERCADOS CADENAS/DESCUENTO/GRUPO REY/MR PRECIO;PANAMA/CHIRIQUI/SUPERMERCADOS CADENAS/DESCUENTO/GRUPO REY/MR PRECIO
PANAMA/CHIRIQUI/SUPERMERCADOS CADENAS/HIPERMERCADO/SUPER XTRA/SUPER XTRA;PANAMA/CHIRIQUI/SUPERMERCADOS CADENAS/HIPERMERCADO/SUPER XTRA/SUPER XTRA
PANAMA/CHIRIQUI/SUPERMERCADOS CADENAS/SUPERMERCADO/GRUPO REY/REY;PANAMA/CHIRIQUI/SUPERMERCADOS CADENAS/SUPERMERCADO/GRUPO REY/REY
PANAMA/CHIRIQUI/SUPERMERCADOS CADENAS/SUPERMERCADO/GRUPO REY/ROMERO;PANAMA/CHIRIQUI/SUPERMERCADOS CADENAS/SUPERMERCADO/GRUPO REY/ROMERO
PANAMA/CHIRIQUI/SUPERMERCADOS CADENAS/SUPERMERCADO/SUPER 99/SUPER 99;PANAMA/CHIRIQUI/SUPERMERCADOS CADENAS/SUPERMERCADO/SUPER 99/SUPER 99
PANAMA/CHIRIQUI/SUPERMERCADOS CADENAS/SUPERMERCADO/SUPER XTRA/SUPER XTRA;PANAMA/CHIRIQUI/SUPERMERCADOS CADENAS/SUPERMERCADO/SUPER XTRA/SUPER XTRA
PANAMA/COCLE/SUPERMERCADOS CADENAS/HIPERMERCADO/MACHETAZO/MACHETAZO;PANAMA/COCLE/SUPERMERCADOS CADENAS/HIPERMERCADO/MACHETAZO/MACHETAZO
PANAMA/COCLE/SUPERMERCADOS CADENAS/HIPERMERCADO/SUPER XTRA/SUPER XTRA;PANAMA/COCLE/SUPERMERCADOS CADENAS/HIPERMERCADO/SUPER XTRA/SUPER XTRA
PANAMA/COCLE/SUPERMERCADOS CADENAS/SUPERMERCADO/GRUPO REY/REY;PANAMA/COCLE/SUPERMERCADOS CADENAS/SUPERMERCADO/GRUPO REY/REY
PANAMA/COCLE/SUPERMERCADOS CADENAS/SUPERMERCADO/SUPER 99/SUPER 99;PANAMA/COCLE/SUPERMERCADOS CADENAS/SUPERMERCADO/SUPER 99/SUPER 99
PANAMA/COCLE/SUPERMERCADOS CADENAS/SUPERMERCADO/SUPER CARNES/SUPER CARNES;PANAMA/COCLE/SUPERMERCADOS CADENAS/SUPERMERCADO/SUPER CARNES/SUPER CARNES
PANAMA/COCLE/SUPERMERCADOS CADENAS/SUPERMERCADO/SUPER XTRA/SUPER XTRA;PANAMA/COCLE/SUPERMERCADOS CADENAS/SUPERMERCADO/SUPER XTRA/SUPER XTRA
PANAMA/COLON/SUPERMERCADOS CADENAS/HIPERMERCADO/SUPER XTRA/SUPER XTRA;PANAMA/COLON/SUPERMERCADOS CADENAS/HIPERMERCADO/SUPER XTRA/SUPER XTRA
PANAMA/COLON/SUPERMERCADOS CADENAS/SUPERMERCADO/GRUPO REY/REY;PANAMA/COLON/SUPERMERCADOS CADENAS/SUPERMERCADO/GRUPO REY/REY
PANAMA/COLON/SUPERMERCADOS CADENAS/SUPERMERCADO/SUPER 99/SUPER 99;PANAMA/COLON/SUPERMERCADOS CADENAS/SUPERMERCADO/SUPER 99/SUPER 99
PANAMA/COLON/SUPERMERCADOS CADENAS/SUPERMERCADO/SUPER XTRA/SUPER XTRA;PANAMA/COLON/SUPERMERCADOS CADENAS/SUPERMERCADO/SUPER XTRA/SUPER XTRA
PANAMA/HERRERA/SUPERMERCADOS CADENAS/CONVENIENCIA/GRUPO REY/METRO PLUS;PANAMA/HERRERA/SUPERMERCADOS CADENAS/CONVENIENCIA/GRUPO REY/METRO PLUS
PANAMA/HERRERA/SUPERMERCADOS CADENAS/HIPERMERCADO/MACHETAZO/MACHETAZO;PANAMA/HERRERA/SUPERMERCADOS CADENAS/HIPERMERCADO/MACHETAZO/MACHETAZO
PANAMA/HERRERA/SUPERMERCADOS CADENAS/HIPERMERCADO/SUPER XTRA/SUPER XTRA;PANAMA/HERRERA/SUPERMERCADOS CADENAS/HIPERMERCADO/SUPER XTRA/SUPER XTRA
PANAMA/HERRERA/SUPERMERCADOS CADENAS/SUPERMERCADO/SUPER 99/SUPER 99;PANAMA/HERRERA/SUPERMERCADOS CADENAS/SUPERMERCADO/SUPER 99/SUPER 99
PANAMA/HERRERA/SUPERMERCADOS CADENAS/SUPERMERCADO/SUPER CARNES/SUPER CARNES;PANAMA/HERRERA/SUPERMERCADOS CADENAS/SUPERMERCADO/SUPER CARNES/SUPER CARNES
PANAMA/LOS SANTOS/SUPERMERCADOS CADENAS/DESCUENTO/GRUPO REY/MR PRECIO;PANAMA/LOS SANTOS/SUPERMERCADOS CADENAS/DESCUENTO/GRUPO REY/MR PRECIO
PANAMA/LOS SANTOS/SUPERMERCADOS CADENAS/SUPERMERCADO/SUPER CARNES/SUPER CARNES;PANAMA/LOS SANTOS/SUPERMERCADOS CADENAS/SUPERMERCADO/SUPER CARNES/SUPER CARNES
PANAMA/LOS SANTOS/SUPERMERCADOS CADENAS/SUPERMERCADO/SUPER XTRA/SUPER XTRA;PANAMA/LOS SANTOS/SUPERMERCADOS CADENAS/SUPERMERCADO/SUPER XTRA/SUPER XTRA
PANAMA/PANAMA OESTE/SUPERMERCADOS CADENAS/CONVENIENCIA/GRUPO REY/METRO PLUS;PANAMA/PANAMA OESTE/SUPERMERCADOS CADENAS/CONVENIENCIA/GRUPO REY/METRO PLUS
PANAMA/PANAMA OESTE/SUPERMERCADOS CADENAS/DESCUENTO/GRUPO REY/MR PRECIO;PANAMA/PANAMA OESTE/SUPERMERCADOS CADENAS/DESCUENTO/GRUPO REY/MR PRECIO
PANAMA/PANAMA OESTE/SUPERMERCADOS CADENAS/HIPERMERCADO/MACHETAZO/MACHETAZO;PANAMA/PANAMA OESTE/SUPERMERCADOS CADENAS/HIPERMERCADO/MACHETAZO/MACHETAZO
PANAMA/PANAMA OESTE/SUPERMERCADOS CADENAS/HIPERMERCADO/SUPER XTRA/SUPER XTRA;PANAMA/PANAMA OESTE/SUPERMERCADOS CADENAS/HIPERMERCADO/SUPER XTRA/SUPER XTRA
PANAMA/PANAMA OESTE/SUPERMERCADOS CADENAS/SUPERMERCADO/GRUPO REY/REY;PANAMA/PANAMA OESTE/SUPERMERCADOS CADENAS/SUPERMERCADO/GRUPO REY/REY
PANAMA/PANAMA OESTE/SUPERMERCADOS CADENAS/SUPERMERCADO/SUPER 99/SUPER 99;PANAMA/PANAMA OESTE/SUPERMERCADOS CADENAS/SUPERMERCADO/SUPER 99/SUPER 99
PANAMA/PANAMA OESTE/SUPERMERCADOS CADENAS/SUPERMERCADO/SUPER CARNES/SUPER CARNES;PANAMA/PANAMA OESTE/SUPERMERCADOS CADENAS/SUPERMERCADO/SUPER CARNES/SUPER CARNES
PANAMA/PANAMA OESTE/SUPERMERCADOS CADENAS/SUPERMERCADO/SUPER XTRA/SUPER XTRA;PANAMA/PANAMA OESTE/SUPERMERCADOS CADENAS/SUPERMERCADO/SUPER XTRA/SUPER XTRA
PANAMA/PANAMA/SUPERMERCADOS CADENAS/CLUB/SUPER 99/SUPER 99;PANAMA/PANAMA/SUPERMERCADOS CADENAS/CLUB/SUPER 99/SUPER 99
PANAMA/PANAMA/SUPERMERCADOS CADENAS/CONVENIENCIA/GRUPO REY/METRO PLUS;PANAMA/PANAMA/SUPERMERCADOS CADENAS/CONVENIENCIA/GRUPO REY/METRO PLUS
PANAMA/PANAMA/SUPERMERCADOS CADENAS/CONVENIENCIA/MACHETAZO/MACHETAZO;PANAMA/PANAMA/SUPERMERCADOS CADENAS/CONVENIENCIA/MACHETAZO/MACHETAZO
PANAMA/PANAMA/SUPERMERCADOS CADENAS/DESCUENTO/GRUPO REY/MR PRECIO;PANAMA/PANAMA/SUPERMERCADOS CADENAS/DESCUENTO/GRUPO REY/MR PRECIO
PANAMA/PANAMA/SUPERMERCADOS CADENAS/HIPERMERCADO/MACHETAZO/MACHETAZO;PANAMA/PANAMA/SUPERMERCADOS CADENAS/HIPERMERCADO/MACHETAZO/MACHETAZO
PANAMA/PANAMA/SUPERMERCADOS CADENAS/HIPERMERCADO/SUPER XTRA/SUPER XTRA;PANAMA/PANAMA/SUPERMERCADOS CADENAS/HIPERMERCADO/SUPER XTRA/SUPER XTRA
PANAMA/PANAMA/SUPERMERCADOS CADENAS/SUPERMERCADO/GRUPO REY/REY;PANAMA/PANAMA/SUPERMERCADOS CADENAS/SUPERMERCADO/GRUPO REY/REY
PANAMA/PANAMA/SUPERMERCADOS CADENAS/SUPERMERCADO/MACHETAZO/MACHETAZO;PANAMA/PANAMA/SUPERMERCADOS CADENAS/SUPERMERCADO/MACHETAZO/MACHETAZO
PANAMA/PANAMA/SUPERMERCADOS CADENAS/SUPERMERCADO/SUPER 99/SUPER 99;PANAMA/PANAMA/SUPERMERCADOS CADENAS/SUPERMERCADO/SUPER 99/SUPER 99
PANAMA/PANAMA/SUPERMERCADOS CADENAS/SUPERMERCADO/SUPER XTRA/SUPER XTRA;PANAMA/PANAMA/SUPERMERCADOS CADENAS/SUPERMERCADO/SUPER XTRA/SUPER XTRA
PANAMA/VERAGUAS/SUPERMERCADOS CADENAS/HIPERMERCADO/MACHETAZO/MACHETAZO;PANAMA/VERAGUAS/SUPERMERCADOS CADENAS/HIPERMERCADO/MACHETAZO/MACHETAZO
PANAMA/VERAGUAS/SUPERMERCADOS CADENAS/SUPERMERCADO/GRUPO REY/REY;PANAMA/VERAGUAS/SUPERMERCADOS CADENAS/SUPERMERCADO/GRUPO REY/REY
PANAMA/VERAGUAS/SUPERMERCADOS CADENAS/SUPERMERCADO/SUPER 99/SUPER 99;PANAMA/VERAGUAS/SUPERMERCADOS CADENAS/SUPERMERCADO/SUPER 99/SUPER 99
PANAMA/VERAGUAS/SUPERMERCADOS CADENAS/SUPERMERCADO/SUPER CARNES/SUPER CARNES;PANAMA/VERAGUAS/SUPERMERCADOS CADENAS/SUPERMERCADO/SUPER CARNES/SUPER CARNES
PANAMA/VERAGUAS/SUPERMERCADOS CADENAS/SUPERMERCADO/SUPER XTRA/SUPER XTRA;PANAMA/VERAGUAS/SUPERMERCADOS CADENAS/SUPERMERCADO/SUPER XTRA/SUPER XTRA
PANAMA/BOCAS DEL TORO/SUPERMERCADOS CADENAS/SUPERMERCADOS/GRUPO REY DN/ROMERO;PANAMA/BOCAS DEL TORO/SUPERMERCADOS CADENAS/SUPERMERCADOS/GRUPO REY DN/ROMERO
PANAMA/BOCAS DEL TORO/SUPERMERCADOS CADENAS/SUPERMERCADOS/SUPER EXTRA DN/SUPER XTRA;PANAMA/BOCAS DEL TORO/SUPERMERCADOS CADENAS/SUPERMERCADOS/SUPER EXTRA DN/SUPER XTRA
PANAMA/CHIRIQUI/SUPERMERCADOS CADENAS/DESCUENTOS/GRUPO REY DN/MR PRECIO;PANAMA/CHIRIQUI/SUPERMERCADOS CADENAS/DESCUENTOS/GRUPO REY DN/MR PRECIO
PANAMA/CHIRIQUI/SUPERMERCADOS CADENAS/DESCUENTOS/SUPER EXTRA DN/SUPER XTRA;PANAMA/CHIRIQUI/SUPERMERCADOS CADENAS/DESCUENTOS/SUPER EXTRA DN/SUPER XTRA
PANAMA/CHIRIQUI/SUPERMERCADOS CADENAS/SUPERMERCADOS/GRUPO REY DN/REY;PANAMA/CHIRIQUI/SUPERMERCADOS CADENAS/SUPERMERCADOS/GRUPO REY DN/REY
PANAMA/CHIRIQUI/SUPERMERCADOS CADENAS/SUPERMERCADOS/GRUPO REY DN/ROMERO;PANAMA/CHIRIQUI/SUPERMERCADOS CADENAS/SUPERMERCADOS/GRUPO REY DN/ROMERO
PANAMA/CHIRIQUI/SUPERMERCADOS CADENAS/SUPERMERCADOS/SUPER 99 DN/SUPER 99;PANAMA/CHIRIQUI/SUPERMERCADOS CADENAS/SUPERMERCADOS/SUPER 99 DN/SUPER 99
PANAMA/CHIRIQUI/SUPERMERCADOS CADENAS/SUPERMERCADOS/SUPER EXTRA DN/SUPER XTRA;PANAMA/CHIRIQUI/SUPERMERCADOS CADENAS/SUPERMERCADOS/SUPER EXTRA DN/SUPER XTRA
PANAMA/COCLE/SUPERMERCADOS CADENAS/HIPERMERCADO/MACHETAZO DN/MACHETAZO;PANAMA/COCLE/SUPERMERCADOS CADENAS/HIPERMERCADO/MACHETAZO DN/MACHETAZO
PANAMA/COCLE/SUPERMERCADOS CADENAS/SUPERMERCADOS/GRUPO REY DN/REY;PANAMA/COCLE/SUPERMERCADOS CADENAS/SUPERMERCADOS/GRUPO REY DN/REY
PANAMA/COCLE/SUPERMERCADOS CADENAS/SUPERMERCADOS/SUPER 99 DN/SUPER 99;PANAMA/COCLE/SUPERMERCADOS CADENAS/SUPERMERCADOS/SUPER 99 DN/SUPER 99
PANAMA/COCLE/SUPERMERCADOS CADENAS/SUPERMERCADOS/SUPER CARNES DN/SUPER CARNES;PANAMA/COCLE/SUPERMERCADOS CADENAS/SUPERMERCADOS/SUPER CARNES DN/SUPER CARNES
PANAMA/COCLE/SUPERMERCADOS CADENAS/SUPERMERCADOS/SUPER EXTRA DN/SUPER XTRA;PANAMA/COCLE/SUPERMERCADOS CADENAS/SUPERMERCADOS/SUPER EXTRA DN/SUPER XTRA
PANAMA/COL0N/SUPERMERCADOS CADENAS/DESCUENTOS/SUPER EXTRA DN/SUPER XTRA;PANAMA/COL0N/SUPERMERCADOS CADENAS/DESCUENTOS/SUPER EXTRA DN/SUPER XTRA
PANAMA/COL0N/SUPERMERCADOS CADENAS/HIPERMERCADO/SUPER EXTRA DN/SUPER XTRA;PANAMA/COL0N/SUPERMERCADOS CADENAS/HIPERMERCADO/SUPER EXTRA DN/SUPER XTRA
PANAMA/COL0N/SUPERMERCADOS CADENAS/SUPERMERCADOS/GRUPO REY DN/REY;PANAMA/COL0N/SUPERMERCADOS CADENAS/SUPERMERCADOS/GRUPO REY DN/REY
PANAMA/COL0N/SUPERMERCADOS CADENAS/SUPERMERCADOS/SUPER 99 DN/SUPER 99;PANAMA/COL0N/SUPERMERCADOS CADENAS/SUPERMERCADOS/SUPER 99 DN/SUPER 99
PANAMA/HERRERA/SUPERMERCADOS CADENAS/CONVENIENCIA/GRUPO REY DN/METRO PLUS;PANAMA/HERRERA/SUPERMERCADOS CADENAS/CONVENIENCIA/GRUPO REY DN/METRO PLUS
PANAMA/HERRERA/SUPERMERCADOS CADENAS/DESCUENTOS/MACHETAZO DN/MACHETAZO;PANAMA/HERRERA/SUPERMERCADOS CADENAS/DESCUENTOS/MACHETAZO DN/MACHETAZO
PANAMA/HERRERA/SUPERMERCADOS CADENAS/DESCUENTOS/SUPER EXTRA DN/SUPER XTRA;PANAMA/HERRERA/SUPERMERCADOS CADENAS/DESCUENTOS/SUPER EXTRA DN/SUPER XTRA
PANAMA/HERRERA/SUPERMERCADOS CADENAS/HIPERMERCADO/MACHETAZO DN/MACHETAZO;PANAMA/HERRERA/SUPERMERCADOS CADENAS/HIPERMERCADO/MACHETAZO DN/MACHETAZO
PANAMA/HERRERA/SUPERMERCADOS CADENAS/SUPERMERCADOS/SUPER 99 DN/SUPER 99;PANAMA/HERRERA/SUPERMERCADOS CADENAS/SUPERMERCADOS/SUPER 99 DN/SUPER 99
PANAMA/HERRERA/SUPERMERCADOS CADENAS/SUPERMERCADOS/SUPER CARNES DN/SUPER CARNES;PANAMA/HERRERA/SUPERMERCADOS CADENAS/SUPERMERCADOS/SUPER CARNES DN/SUPER CARNES
PANAMA/LOS SANTOS/SUPERMERCADOS CADENAS/DESCUENTOS/GRUPO REY DN/MR PRECIO;PANAMA/LOS SANTOS/SUPERMERCADOS CADENAS/DESCUENTOS/GRUPO REY DN/MR PRECIO
PANAMA/LOS SANTOS/SUPERMERCADOS CADENAS/SUPERMERCADOS/SUPER CARNES DN/SUPER CARNES;PANAMA/LOS SANTOS/SUPERMERCADOS CADENAS/SUPERMERCADOS/SUPER CARNES DN/SUPER CARNES
PANAMA/LOS SANTOS/SUPERMERCADOS CADENAS/SUPERMERCADOS/SUPER EXTRA DN/SUPER XTRA;PANAMA/LOS SANTOS/SUPERMERCADOS CADENAS/SUPERMERCADOS/SUPER EXTRA DN/SUPER XTRA
PANAMA/PANAMA OESTE/SUPERMERCADOS CADENAS/CONVENIENCIA/GRUPO REY DN/METRO PLUS;PANAMA/PANAMA OESTE/SUPERMERCADOS CADENAS/CONVENIENCIA/GRUPO REY DN/METRO PLUS
PANAMA/PANAMA OESTE/SUPERMERCADOS CADENAS/DESCUENTOS/GRUPO REY DN/MR PRECIO;PANAMA/PANAMA OESTE/SUPERMERCADOS CADENAS/DESCUENTOS/GRUPO REY DN/MR PRECIO
PANAMA/PANAMA OESTE/SUPERMERCADOS CADENAS/DESCUENTOS/MACHETAZO DN/MACHETAZO;PANAMA/PANAMA OESTE/SUPERMERCADOS CADENAS/DESCUENTOS/MACHETAZO DN/MACHETAZO
PANAMA/PANAMA OESTE/SUPERMERCADOS CADENAS/HIPERMERCADO/MACHETAZO DN/MACHETAZO;PANAMA/PANAMA OESTE/SUPERMERCADOS CADENAS/HIPERMERCADO/MACHETAZO DN/MACHETAZO
PANAMA/PANAMA OESTE/SUPERMERCADOS CADENAS/HIPERMERCADO/SUPER EXTRA DN/SUPER XTRA;PANAMA/PANAMA OESTE/SUPERMERCADOS CADENAS/HIPERMERCADO/SUPER EXTRA DN/SUPER XTRA
PANAMA/PANAMA OESTE/SUPERMERCADOS CADENAS/SUPERMERCADOS/GRUPO REY DN/REY;PANAMA/PANAMA OESTE/SUPERMERCADOS CADENAS/SUPERMERCADOS/GRUPO REY DN/REY
PANAMA/PANAMA OESTE/SUPERMERCADOS CADENAS/SUPERMERCADOS/SUPER 99 DN/SUPER 99;PANAMA/PANAMA OESTE/SUPERMERCADOS CADENAS/SUPERMERCADOS/SUPER 99 DN/SUPER 99
PANAMA/PANAMA OESTE/SUPERMERCADOS CADENAS/SUPERMERCADOS/SUPER CARNES DN/SUPER CARNES;PANAMA/PANAMA OESTE/SUPERMERCADOS CADENAS/SUPERMERCADOS/SUPER CARNES DN/SUPER CARNES
PANAMA/PANAMA OESTE/SUPERMERCADOS CADENAS/SUPERMERCADOS/SUPER EXTRA DN/SUPER XTRA;PANAMA/PANAMA OESTE/SUPERMERCADOS CADENAS/SUPERMERCADOS/SUPER EXTRA DN/SUPER XTRA
PANAMA/PANAMA/SUPERMERCADOS CADENAS/CLUB/SUPER 99 DN/SUPER 99;PANAMA/PANAMA/SUPERMERCADOS CADENAS/CLUB/SUPER 99 DN/SUPER 99
PANAMA/PANAMA/SUPERMERCADOS CADENAS/CONVENIENCIA/GRUPO REY DN/METRO PLUS;PANAMA/PANAMA/SUPERMERCADOS CADENAS/CONVENIENCIA/GRUPO REY DN/METRO PLUS
PANAMA/PANAMA/SUPERMERCADOS CADENAS/DESCONOCIDO/GRUPO REY DN/METRO PLUS;PANAMA/PANAMA/SUPERMERCADOS CADENAS/DESCONOCIDO/GRUPO REY DN/METRO PLUS
PANAMA/PANAMA/SUPERMERCADOS CADENAS/DESCUENTOS/GRUPO REY DN/MR PRECIO;PANAMA/PANAMA/SUPERMERCADOS CADENAS/DESCUENTOS/GRUPO REY DN/MR PRECIO
PANAMA/PANAMA/SUPERMERCADOS CADENAS/DESCUENTOS/SUPER EXTRA DN/SUPER XTRA;PANAMA/PANAMA/SUPERMERCADOS CADENAS/DESCUENTOS/SUPER EXTRA DN/SUPER XTRA
PANAMA/PANAMA/SUPERMERCADOS CADENAS/HIPERMERCADO/MACHETAZO DN/MACHETAZO;PANAMA/PANAMA/SUPERMERCADOS CADENAS/HIPERMERCADO/MACHETAZO DN/MACHETAZO
PANAMA/PANAMA/SUPERMERCADOS CADENAS/HIPERMERCADO/SUPER EXTRA DN/SUPER XTRA;PANAMA/PANAMA/SUPERMERCADOS CADENAS/HIPERMERCADO/SUPER EXTRA DN/SUPER XTRA
PANAMA/PANAMA/SUPERMERCADOS CADENAS/SUPERMERCADOS/GRUPO REY DN/REY;PANAMA/PANAMA/SUPERMERCADOS CADENAS/SUPERMERCADOS/GRUPO REY DN/REY
PANAMA/PANAMA/SUPERMERCADOS CADENAS/SUPERMERCADOS/MACHETAZO DN/MACHETAZO;PANAMA/PANAMA/SUPERMERCADOS CADENAS/SUPERMERCADOS/MACHETAZO DN/MACHETAZO
PANAMA/PANAMA/SUPERMERCADOS CADENAS/SUPERMERCADOS/SUPER 99 DN/SUPER 99;PANAMA/PANAMA/SUPERMERCADOS CADENAS/SUPERMERCADOS/SUPER 99 DN/SUPER 99
PANAMA/PANAMA/SUPERMERCADOS CADENAS/SUPERMERCADOS/SUPER EXTRA DN/SUPER XTRA;PANAMA/PANAMA/SUPERMERCADOS CADENAS/SUPERMERCADOS/SUPER EXTRA DN/SUPER XTRA
PANAMA/VERAGUAS/SUPERMERCADOS CADENAS/HIPERMERCADO/MACHETAZO DN/MACHETAZO;PANAMA/VERAGUAS/SUPERMERCADOS CADENAS/HIPERMERCADO/MACHETAZO DN/MACHETAZO
PANAMA/VERAGUAS/SUPERMERCADOS CADENAS/SUPERMERCADOS/GRUPO REY DN/REY;PANAMA/VERAGUAS/SUPERMERCADOS CADENAS/SUPERMERCADOS/GRUPO REY DN/REY
PANAMA/VERAGUAS/SUPERMERCADOS CADENAS/SUPERMERCADOS/SUPER 99 DN/SUPER 99;PANAMA/VERAGUAS/SUPERMERCADOS CADENAS/SUPERMERCADOS/SUPER 99 DN/SUPER 99
PANAMA/VERAGUAS/SUPERMERCADOS CADENAS/SUPERMERCADOS/SUPER CARNES DN/SUPER CARNES;PANAMA/VERAGUAS/SUPERMERCADOS CADENAS/SUPERMERCADOS/SUPER CARNES DN/SUPER CARNES
PANAMA/VERAGUAS/SUPERMERCADOS CADENAS/SUPERMERCADOS/SUPER EXTRA DN/SUPER XTRA;PANAMA/VERAGUAS/SUPERMERCADOS CADENAS/SUPERMERCADOS/SUPER EXTRA DN/SUPER XTRA
PANAMA/BOCAS DEL TORO/AUTOSERVICIOS/AUTOSERVICIOS/AUTOSERVICIOS/AUTOSERVICIOS;PANAMA/BOCAS DEL TORO/AUTOSERVICIOS/AUTOSERVICIOS/AUTOSERVICIOS/AUTOSERVICIOS
PANAMA/BOCAS DEL TORO/TRADICIONALES/TRADICIONALES/TRADICIONALES/TRADICIONALES;PANAMA/BOCAS DEL TORO/TRADICIONALES/TRADICIONALES/TRADICIONALES/TRADICIONALES
PANAMA/CHIRIQUI/AUTOSERVICIOS/AUTOSERVICIOS/AUTOSERVICIOS/AUTOSERVICIOS;PANAMA/CHIRIQUI/AUTOSERVICIOS/AUTOSERVICIOS/AUTOSERVICIOS/AUTOSERVICIOS
PANAMA/CHIRIQUI/TRADICIONALES/TRADICIONALES/TRADICIONALES/TRADICIONALES;PANAMA/CHIRIQUI/TRADICIONALES/TRADICIONALES/TRADICIONALES/TRADICIONALES
PANAMA/COCLE/AUTOSERVICIOS/AUTOSERVICIOS/AUTOSERVICIOS/AUTOSERVICIOS;PANAMA/COCLE/AUTOSERVICIOS/AUTOSERVICIOS/AUTOSERVICIOS/AUTOSERVICIOS
PANAMA/COCLE/TRADICIONALES/TRADICIONALES/TRADICIONALES/TRADICIONALES;PANAMA/COCLE/TRADICIONALES/TRADICIONALES/TRADICIONALES/TRADICIONALES
PANAMA/COL0N/AUTOSERVICIOS/AUTOSERVICIOS/AUTOSERVICIOS/AUTOSERVICIOS;PANAMA/COL0N/AUTOSERVICIOS/AUTOSERVICIOS/AUTOSERVICIOS/AUTOSERVICIOS
PANAMA/COL0N/TRADICIONALES/TRADICIONALES/TRADICIONALES/TRADICIONALES;PANAMA/COL0N/TRADICIONALES/TRADICIONALES/TRADICIONALES/TRADICIONALES
PANAMA/HERRERA/AUTOSERVICIOS/AUTOSERVICIOS/AUTOSERVICIOS/AUTOSERVICIOS;PANAMA/HERRERA/AUTOSERVICIOS/AUTOSERVICIOS/AUTOSERVICIOS/AUTOSERVICIOS
PANAMA/HERRERA/TRADICIONALES/TRADICIONALES/TRADICIONALES/TRADICIONALES;PANAMA/HERRERA/TRADICIONALES/TRADICIONALES/TRADICIONALES/TRADICIONALES
PANAMA/LOS SANTOS/AUTOSERVICIOS/AUTOSERVICIOS/AUTOSERVICIOS/AUTOSERVICIOS;PANAMA/LOS SANTOS/AUTOSERVICIOS/AUTOSERVICIOS/AUTOSERVICIOS/AUTOSERVICIOS
PANAMA/LOS SANTOS/TRADICIONALES/TRADICIONALES/TRADICIONALES/TRADICIONALES;PANAMA/LOS SANTOS/TRADICIONALES/TRADICIONALES/TRADICIONALES/TRADICIONALES
PANAMA/PANAMA OESTE/AUTOSERVICIOS/AUTOSERVICIOS/AUTOSERVICIOS/AUTOSERVICIOS;PANAMA/PANAMA OESTE/AUTOSERVICIOS/AUTOSERVICIOS/AUTOSERVICIOS/AUTOSERVICIOS
PANAMA/PANAMA OESTE/TRADICIONALES/TRADICIONALES/TRADICIONALES/TRADICIONALES;PANAMA/PANAMA OESTE/TRADICIONALES/TRADICIONALES/TRADICIONALES/TRADICIONALES
PANAMA/PANAMA/AUTOSERVICIOS/AUTOSERVICIOS/AUTOSERVICIOS/AUTOSERVICIOS;PANAMA/PANAMA/AUTOSERVICIOS/AUTOSERVICIOS/AUTOSERVICIOS/AUTOSERVICIOS
PANAMA/PANAMA/TRADICIONALES/TRADICIONALES/TRADICIONALES/TRADICIONALES;PANAMA/PANAMA/TRADICIONALES/TRADICIONALES/TRADICIONALES/TRADICIONALES
PANAMA/VERAGUAS/AUTOSERVICIOS/AUTOSERVICIOS/AUTOSERVICIOS/AUTOSERVICIOS;PANAMA/VERAGUAS/AUTOSERVICIOS/AUTOSERVICIOS/AUTOSERVICIOS/AUTOSERVICIOS
PANAMA/VERAGUAS/TRADICIONALES/TRADICIONALES/TRADICIONALES/TRADICIONALES;PANAMA/VERAGUAS/TRADICIONALES/TRADICIONALES/TRADICIONALES/TRADICIONALES
PANAMA/PANAMA/SUPERMERCADOS CADENAS/SUPERMERCADOS/GRUPO REY DN/METRO PLUS;PANAMA/PANAMA/SUPERMERCADOS CADENAS/SUPERMERCADOS/GRUPO REY DN/METRO PLUS
PANAMA/SA/SUPERMERCADOS CADENAS/CONVENIENCIA/GRUPO REY DN/SA;PANAMA/SA/SUPERMERCADOS CADENAS/CONVENIENCIA/GRUPO REY DN/SA
PANAMA/SA/SUPERMERCADOS CADENAS/SUPERMERCADOS/SUPER CARNES DN/SA;PANAMA/SA/SUPERMERCADOS CADENAS/SUPERMERCADOS/SUPER CARNES DN/SA
PANAMA/SA/SUPERMERCADOS CADENAS/DESCONOCIDO/MACHETAZO DN/SA;PANAMA/SA/SUPERMERCADOS CADENAS/DESCONOCIDO/MACHETAZO DN/SA
PANAMA/SA/SUPERMERCADOS CADENAS/DESCONOCIDO/SUPER EXTRA DN/SA;PANAMA/SA/SUPERMERCADOS CADENAS/DESCONOCIDO/SUPER EXTRA DN/SA
PANAMA/SA/SUPERMERCADOS CADENAS/SUPERMERCADOS/MACHETAZO DN/SA;PANAMA/SA/SUPERMERCADOS CADENAS/SUPERMERCADOS/MACHETAZO DN/SA
T PANAMA AUTOS TRADIC;T PANAMA AUTOS TRADIC
T PANAMA MINISUPERS CONV;T PANAMA MINISUPERS CONV
T PANAMA SUPERMERCADOS;T PANAMA SUPERMERCADOS
T PANAMA TRADIC;T PANAMA TRADIC
PANAMA/SA/SUPERMERCADOS CADENAS/SUPERMERCADOS/SUPER EXTRA DN/SA;PANAMA/SA/SUPERMERCADOS CADENAS/SUPERMERCADOS/SUPER EXTRA DN/SA
