FABRICANTE;FABRICANTE_GN
S/A;S/A
AGUILA ROJA;AGUILA ROJA
CAFE QUINDIO;CAFE QUINDIO
CAFE Y CO;CAFE Y CO
CAFESAL;CAFESAL
CASA LUKER;CASA LUKER
COLCAFE;COLCAFE
FRONTERA;FRONTERA
GALAVIS;GALAVIS
GIRONES;GIRONES
IND CAFETERA DE NARI O;IND CAFETERA DE NARI O
NESTLE;NESTLE
PL;FAB SUPERMERCADOS
PROCAFECOL;PROCAFECOL
SUCESORES DE CESAR VASQUEZ;SUCESORES DE CESAR VASQUEZ
TOSCAFE;TOSCAFE
DORIA;DORIA
HARINERA DEL VALLE;HARINERA DEL VALLE
QUALA;QUALA
TOPCO;TOPCO
ALICORP;ALICORP
BARILLA;BARILLA
CAPELLINI DUENAS;CAPELLINI DUENAS
COLOMBINA;COLOMBINA
COMI;COMI
CORTICELLA MOLINI E PASTIFICI;CORTICELLA MOLINI E PASTIFICI
F LLI DE CECCO;F LLI DE CECCO
FIRENZE;FIRENZE
GAVASSA;GAVASSA
GIOSES;GIOSES
HARINERA DE OCCIDENTE;HARINERA DE OCCIDENTE
KRAFT;KRAFT
LISTA ALIMENTICIA;LISTA ALIMENTICIA
MOLINOS BARRANQUILLA;MOLINOS BARRANQUILLA
MOLINOS DEL ATLANTICO;MOLINOS DEL ATLANTICO
NAPOLI;NAPOLI
NENA LELA;NENA LELA
NURIA;NURIA
INCOLCAR;INCOLCAR
MACEDONIA;MACEDONIA
GENERAL MILLS;GENERAL MILLS
NEGOCIO CARNICO;NEGOCIO CARNICO
COMESTIBLES DAN;COMESTIBLES DAN
FRICAR;FRICAR
INDUSTRIAS LA CORUNA;INDUSTRIAS LA CORUNA
DIPSA;DIPSA
KELLOGG S;KELLOGG S
QUAKER;QUAKER
UNILEVER;UNILEVER
ARCOR;ARCOR
CIA NAL CHOCOLATES;CIA NAL CHOCOLATES
EUROCOL;EUROCOL
FERRERO;FERRERO
GRECO;GRECO
HERSHEY S;HERSHEY S
IND SUPER DE ALIMENTOS;IND SUPER DE ALIMENTOS
ITALO;ITALO
LINDT;LINDT
LOK;LOK
MARS;MARS
MONDELEZ INTL;MONDELEZ INTL
TRIUNFO;TRIUNFO
WAWEL;WAWEL
MARIA ELISA;MARIA ELISA
NAYARITH;NAYARITH
GREZON;GREZON
ABURRA;ABURRA
COMESTIBLES RICOS;COMESTIBLES RICOS
DONA BETTY;DONA BETTY
FRITO LAY;FRITO LAY
MANITOBA;MANITOBA
PRODS MANIYUN;PRODS MANIYUN
TERRAFERTIL;TERRAFERTIL
SUPER DE ALIMENTOS;SUPER DE ALIMENTOS
MASTERFOODS;MASTERFOODS
ALIMENTOS POLAR;ALIMENTOS POLAR
NABISCO;NABISCO
QIKELY AVENA;QIKELY AVENA
SIGNA GRAIN;SIGNA GRAIN
ALFA TRADING;ALFA TRADING
EL FORTIN;EL FORTIN
FRIGORIFICO DE LA COSTA;FRIGORIFICO DE LA COSTA
INDS LA CORUNA;INDS LA CORUNA
DEL MONTE;DEL MONTE
LEVAPAN;LEVAPAN
PANAMERICANA DE ALIMENTOS;PANAMERICANA DE ALIMENTOS
SETAS COLOMBIANAS;SETAS COLOMBIANAS
CHOCOLATE COLOSAL;CHOCOLATE COLOSAL
FAB DE CHOCOLATES ANDINO;FAB DE CHOCOLATES ANDINO
PRODS MARGARITA;PRODS MARGARITA
SAN JOSE;SAN JOSE
TOLIMAX;TOLIMAX
VITACHOCOLATE;VITACHOCOLATE
MEALS;MEALS
MIMO S;MIMO S
POPSY;POPSY
RICO HELADO;RICO HELADO
ALIMENTICIOS CONGELADOS MAJA;ALIMENTICIOS CONGELADOS MAJA
BALKAB;BALKAB
FILLO DOUGH;FILLO DOUGH
CONGECOL;CONGECOL
DON MAIZ;DON MAIZ
K LISTO;K LISTO
M E;M E
PUEBLO VIEJO;PUEBLO VIEJO
VENTURA FOODS;VENTURA FOODS
DOLOMITI;DOLOMITI
PASTIFICIO;PASTIFICIO
MC CAIN;MC CAIN
PIZZAS BIMBO;PIZZAS BIMBO
OTROS FABRICANTESPIZZAS BIMBO;OTROS FABRICANTESPIZZAS BIMBO
PIZZAS SIN BIMBO;PIZZAS SIN BIMBO
MC CAINPIZZAS SIN BIMBO;MC CAINPIZZAS SIN BIMBO
OTROS FABRICANTESPIZZAS SIN BIMBO;OTROS FABRICANTESPIZZAS SIN BIMBO
PASTIFICIOPIZZAS SIN BIMBO;PASTIFICIOPIZZAS SIN BIMBO
PLPIZZAS SIN BIMBO;PLPIZZAS SIN BIMBO
NEGOCIO CARNICOPIZZAS SIN BIMBO;NEGOCIO CARNICOPIZZAS SIN BIMBO
AVESCO KLIK;AVESCO KLIK
CALYPSO;CALYPSO
DISTRAVES;DISTRAVES
PIMPOLLO;PIMPOLLO
QUICK TASTY;QUICK TASTY
ZENUPIZZAS SIN BIMBO;ZENUPIZZAS SIN BIMBO
LUZ MARINA ORDONEZ;LUZ MARINA ORDONEZ
PRODUCTOS ALIMENTICIOS VILLAS;PRODUCTOS ALIMENTICIOS VILLAS
FED NAC DE CAFETEROS;FED NAC DE CAFETEROS
LAFRANCOL;LAFRANCOL
OTROS;OTROS
BON AMI;BON AMI
PROLACOP;PROLACOP
CHOCOLATES EL REY;CHOCOLATES EL REY
JGB;JGB
CARGILL;CARGILL
CATEDRAL;CATEDRAL
LA BONITA;LA BONITA
LA MILANESA;LA MILANESA
PASTAS ALIMEN LA FAMA;PASTAS ALIMEN LA FAMA
PRECOCIDOS DEL ORIENTE;PRECOCIDOS DEL ORIENTE
PRODS ITALA;PRODS ITALA
SAN MARCOS;SAN MARCOS
TURK MALI;TURK MALI
ZARA;ZARA
CHAMPINON ZENU SETAS COLOMBIA;CHAMPINON ZENU SETAS COLOMBIA
PANAMERICANA LEVAPAN;PANAMERICANA LEVAPAN
RESTO FABRICANTE;RESTO FABRICANTE
SETAS ZENU;SETAS ZENU
BRUCE FOODS;BRUCE FOODS
ALIM TONING;ALIM TONING
BIMBO;BIMBO
COMAPAN;COMAPAN
COMESTIBLES INTEGRALES;COMESTIBLES INTEGRALES
GAMESA;GAMESA
GULLON;GULLON
INCODEPF;INCODEPF
IND PANIFICADORA LA GITANA;IND PANIFICADORA LA GITANA
IND TOMY;IND TOMY
KELSEN GROUP;KELSEN GROUP
MAMIPAN DE COLOMBIA;MAMIPAN DE COLOMBIA
NOEL;NOEL
PARMALAT;PARMALAT
PAYFOR;PAYFOR
PRODUCTOS RAMO;PRODUCTOS RAMO
SAN JORGE;SAN JORGE
SERVIPAN DE LA COSTA;SERVIPAN DE LA COSTA
LOACKER;LOACKER
COSTA;COSTA
ALIAR;ALIAR
ARETAMA;ARETAMA
AVICOLA RISARALDA;AVICOLA RISARALDA
CAQUETA;CAQUETA
CARNELLY;CARNELLY
CARNES FRIAS ENRIKO;CARNES FRIAS ENRIKO
CASA IBANEZ;CASA IBANEZ
COLANTA;COLANTA
COLOMBO ALEMANA;COLOMBO ALEMANA
DELIPAVO;DELIPAVO
DOGGER;DOGGER
DON VITTO;DON VITTO
FAIZAN;FAIZAN
FRIGOALTO;FRIGOALTO
FRIGORIFICO LA PARISIENNE;FRIGORIFICO LA PARISIENNE
FRIGORIFICOS MEGACARNES;FRIGORIFICOS MEGACARNES
FRIKO;FRIKO
IDECAMPO;IDECAMPO
IND DE ALIMENTOS LA ESPERANZA;IND DE ALIMENTOS LA ESPERANZA
KLIK;KLIK
KOYOMAD;KOYOMAD
LA ALEGRIA RIOJA;LA ALEGRIA RIOJA
LACALI;LACALI
MAXI ALIMENTOS;MAXI ALIMENTOS
PRODUCTOS CARNICOS OLIMPICA;PRODUCTOS CARNICOS OLIMPICA
REICAR;REICAR
RICOS DELICIOSOS;RICOS DELICIOSOS
RIETI;RIETI
SABORE;SABORE
SALSAMENTARIA SANTANDER;SALSAMENTARIA SANTANDER
SUPERCERDO;SUPERCERDO
VILASECA;VILASECA
WALTER;WALTER
DAMY;DAMY
PROCOMERCIAL;PROCOMERCIAL
VIVE CAFE;VIVE CAFE
KOBA COLOMBIA;KOBA COLOMBIA
CALIMA;CALIMA
COMESTIBLES COLOMBIA;COMESTIBLES COLOMBIA
LA PRIMAVERA;LA PRIMAVERA
LAB IND VIDA E SAUDE;LAB IND VIDA E SAUDE
NACIONAL DE PASABOCAS PIQUITOS;NACIONAL DE PASABOCAS PIQUITOS
PRODS CALIPAN;PRODS CALIPAN
PRODUCTOS ALIMENTICIOS LA VICT;PRODUCTOS ALIMENTICIOS LA VICT
SAN MIGUEL;SAN MIGUEL
CASERO;CASERO
FABIGIL;FABIGIL
FRITO MIX;FRITO MIX
LA REINA;LA REINA
PROD YUPI;PROD YUPI
MEKATO;MEKATO
JUAN SHIS;JUAN SHIS
GLORIA;GLORIA
QUINCRAF;QUINCRAF
PRODS ALIMEN FRIKAZ;PRODS ALIMEN FRIKAZ
TURBANA;TURBANA
TACO Y NACHO MEX;TACO Y NACHO MEX
PRODUCTOS ALIMENTICIOS;PRODUCTOS ALIMENTICIOS
IND ALIMENTICIAS PERMAN;IND ALIMENTICIAS PERMAN
ANTARDICO;ANTARDICO
FABRICANTES SUPERMERCADOS;FAB SUPERMERCADOS
OTROS FABRICANTES;OTROS FABRICANTES
CAMPBELLS;CAMPBELLS
PEPSICO;PEPSICO
WASABROD;WASABROD
UNITED BISCUITS;UNITED BISCUITS
EPA;EPA
JULES DESTROOPER;JULES DESTROOPER
TRADITIONAL BAKING;TRADITIONAL BAKING
J J SNACK FOODS;J J SNACK FOODS
ORGRAN;ORGRAN
STAUFFER BISCUIT;STAUFFER BISCUIT
COMERCIAL POZUELO;COMERCIAL POZUELO
AGRO INDUSTRIAS ALIMENTICIAS DE VERAGUAS;AGRO INDUSTRIAS ALIMENTICIAS DE VERAGUAS
BUDS BEST COOKIES;BUDS BEST COOKIES
NUCIVEN;NUCIVEN
CORPORACION MULTI INVERSIONES;CORPORACION MULTI INVERSIONES
KELSEN;KELSEN
ALIMENTOS GRANIX;ALIMENTOS GRANIX
BALOCCO;BALOCCO
FABRICA DE GALLETAS GULLON;FABRICA DE GALLETAS GULLON
EL CORTE INGLES;EL CORTE INGLES
FEHR FOODS;FEHR FOODS
PANDURATA ALIMENTOS;PANDURATA ALIMENTOS
OBLEAS LA ORIGINAL;OBLEAS LA ORIGINAL
GRUPO REY;GRUPO REY
FABRICA DE CHOCOLATES Y DULCES LAS DELICIAS;FABRICA DE CHOCOLATES Y DULCES LAS DELICIAS
LIBERTY GOLD FRUIT;LIBERTY GOLD FRUIT
MOLINOS DE EL SALVADOR;MOLINOS DE EL SALVADOR
CREMICA;CREMICA
PEPPERIDGE FARM;PEPPERIDGE FARM
ST MICHEL BISCUIT;ST MICHEL BISCUIT
AMERICAN ROLAND FOOD;AMERICAN ROLAND FOOD
THE MORAN;THE MORAN
TOTTIS BINGO;TOTTIS BINGO
LENNY LARRYS;LENNY LARRYS
VICENZI;VICENZI
MERBA;MERBA
INDUSTRIAS MAFAM;INDUSTRIAS MAFAM
LOTTE CONFECTIONERY;LOTTE CONFECTIONERY
GALLETAS PUIG;GALLETAS PUIG
FIFTY 50 FOODS;FIFTY 50 FOODS
LUNDBERG FAMILY FARMS;LUNDBERG FAMILY FARMS
KETO FACTORY;KETO FACTORY
DR MULLER;DR MULLER
BETTER KETO;BETTER KETO
GREEN GLOBAL FOODS;GREEN GLOBAL FOODS
SIMPLE MILLS;SIMPLE MILLS
FABRICA DE DOCES MARINDOCES;FABRICA DE DOCES MARINDOCES
WALTON POST;WALTON POST
DBC;DBC
PAPADOPOULOS;PAPADOPOULOS
DANCAKE;DANCAKE
JACOBSENS BAKERY;JACOBSENS BAKERY
MARS WRIGLEY;MARS WRIGLEY
TOUFAYAN;TOUFAYAN
COSECHA DORADA;COSECHA DORADA
GRUPO RIBA SMITH;GRUPO RIBA SMITH
RIO DE ORO;RIO DE ORO
A LOACKER;A LOACKER
BISQUINI;BISQUINI
BIODISTRIBUCIONES TERRA;BIODISTRIBUCIONES TERRA
ENSINCRO;ENSINCRO
ITAMARATY INDUSTRIA;ITAMARATY INDUSTRIA
COLUSSI;COLUSSI
ELLEDI;ELLEDI
DR SCHAR;DR SCHAR
MURRAY BISCUIT;MURRAY BISCUIT
PAGESA;PAGESA
MRS FIELDS FAMOUS BRANDS;MRS FIELDS FAMOUS BRANDS
PRODUCTOS DEL HORNO;PRODUCTOS DEL HORNO
GLUTINO;GLUTINO
LOTUS BAKERY;LOTUS BAKERY
WAKEFERN FOOD;WAKEFERN FOOD
HADDON HOUSE FOOD;HADDON HOUSE FOOD
RIP VAN;RIP VAN
KNOTTS BERRY FARM;KNOTTS BERRY FARM
DANISH NUTRIMEALS;DANISH NUTRIMEALS
GOLDEN SELECTION;GOLDEN SELECTION
RAVI FOODS;RAVI FOODS
WALKERS SHORTBREAD;WALKERS SHORTBREAD
THE GARDEN;THE GARDEN
HIGHKEY;HIGHKEY
BHU FOODS;BHU FOODS
GARDEN;GARDEN
SUPER CARNES;SUPER CARNES
BISCOTTIFICIO VERONA;BISCOTTIFICIO VERONA
GRUPO CAROZZI;GRUPO CAROZZI
BOLERO;BOLERO
TIO YEYO;TIO YEYO
SANTIVERI;SANTIVERI
JIANGSU LIANGFENG FOOD;JIANGSU LIANGFENG FOOD
MARILAN;MARILAN
BOLERO ZACHARODI THRAKIS;BOLERO ZACHARODI THRAKIS
DANEC;DANEC
SEGALCO;SEGALCO
CHOCOLATES BEST;CHOCOLATES BEST
PANADERIA SAN JORGE;PANADERIA SAN JORGE
ITAL FOOD;ITAL FOOD
PASTELERIA CALIFORNIA;PASTELERIA CALIFORNIA
AMPLIFY SNACK BRANDS;AMPLIFY SNACK BRANDS
SIMSEK;SIMSEK
DANISH;DANISH
CHATTANOOGA BAKERY;CHATTANOOGA BAKERY
BEE INTERNATIONAL;BEE INTERNATIONAL
THE BRAND PASSPORT;THE BRAND PASSPORT
DARE FOODS;DARE FOODS
BACK TO NATURE FOODS;BACK TO NATURE FOODS
QUEST NUTRITION;QUEST NUTRITION
NEW GROWNBORG;NEW GROWNBORG
DADDY RAYS;DADDY RAYS
GRUPO NUTRESA;GRUPO NUTRESA
BAUDUCCO FOODS;BAUDUCCO FOODS
CARRS;CARRS
WASA;WASA
JOCASTA;JOCASTA
PASCUAL;PASCUAL
BAKERS BATCH;BAKERS BATCH
ALMONETTE;ALMONETTE
WIBISCO;WIBISCO
SINDONI GROUP SRL;SINDONI GROUP SRL
ROYAL DANSK;ROYAL DANSK
CERELINE;CERELINE
DYNAS;DYNAS
SAVE A LOT;SAVE A LOT
RONDOLETTI;RONDOLETTI
MOLINOS MODERNOS;MOLINOS MODERNOS
VOORTMAN;VOORTMAN
MCVITIES;MCVITIES
DANISA;DANISA
CUETARA;CUETARA
CRAFTY COOKING;CRAFTY COOKING
DIBELLA;DIBELLA
VIRGINIAS SPAIN;VIRGINIAS SPAIN
PANAMA GOURMET;PANAMA GOURMET
ZEMAS MADHOUSE FOODS;ZEMAS MADHOUSE FOODS
BINGO;BINGO
INDEFINIDA;INDEFINIDA
SOPHIAS;SOPHIAS
SUITY;SUITY
SELECTOS;SELECTOS
MRS BECTORS CREMICA;MRS BECTORS CREMICA
TASTY FOOD INDUSTRIES;TASTY FOOD INDUSTRIES
LIOR;LIOR
VICENZI BISCOTTI;VICENZI BISCOTTI
MI VIEJITA;MI VIEJITA
LIDO;LIDO
NATURE VALLEY;NATURE VALLEY
PERRERO;PERRERO
LOTTE PEPERO;LOTTE PEPERO
OLSON;OLSON
MIKAELAS;MIKAELAS
MAX ALEX;MAX ALEX
HONEY STINGER;HONEY STINGER
DAELMANS;DAELMANS
COMPROIM;COMPROIM
THE COMPLETE;THE COMPLETE
JUNGLE JAMMERS;JUNGLE JAMMERS
FILET BLEU;FILET BLEU
BRAND CASTLE;BRAND CASTLE
ASTOR;ASTOR
BELGIAN;BELGIAN
FAMOUS;FAMOUS
CASABITOS;CASABITOS
SNYDERS OF HANOVER;SNYDERS OF HANOVER
PRIMAL BAKERY;PRIMAL BAKERY
BETTER BRANDS;BETTER BRANDS
ROYAL CASTLE;ROYAL CASTLE
KINNIKINNICK FOODS;KINNIKINNICK FOODS
MANA;MANA
SAPORI;SAPORI
MISURA;MISURA
SAVOIARDI;SAVOIARDI
BRAZILIAN BISCUIT;BRAZILIAN BISCUIT
DE BEUKELAER;DE BEUKELAER
BLUE DIAMOND GROWERS;BLUE DIAMOND GROWERS
MONEL INC;MONEL INC
SHEILA GS;SHEILA GS
MYSUPERFOODS;MYSUPERFOODS
CONAGRA FOODS;CONAGRA FOODS
ASIAN GOURMET;ASIAN GOURMET
UNCLE ALS;UNCLE ALS
PAMPA;PAMPA
SHOPPERS VALUE;SHOPPERS VALUE
GLUTEN;GLUTEN
WALMART;WALMART
BAHLSEN;BAHLSEN
BERRY FARM;BERRY FARM
AUSTIN;AUSTIN
MARYS GONE CRACKERS;MARYS GONE CRACKERS
PAMELAS;PAMELAS
RETAMA BAKERY/TORTILLA;RETAMA BAKERY/TORTILLA
VICTORIA;VICTORIA
CLEARLY ORGANIC;CLEARLY ORGANIC
UMBRA DIST DE GUATEMALA S A;UMBRA DIST DE GUATEMALA S A
M DIAS BRANCO;M DIAS BRANCO
DEVON;DEVON
TATE BAKE SHOP;TATE BAKE SHOP
BUFF BAKE;BUFF BAKE
WALKERS;WALKERS
MRS THINSTERS;MRS THINSTERS
BARBARA S BAKERY;BARBARA S BAKERY
GOLDEN CANNOLI;GOLDEN CANNOLI
ANNAS;ANNAS
QUINOA CLUB;QUINOA CLUB
CATALINA SNACKS;CATALINA SNACKS
OCTOBER FIFTH BAKERY;OCTOBER FIFTH BAKERY
LOC MARIA BISCUITS;LOC MARIA BISCUITS
CRUNCHMASTER;CRUNCHMASTER
SUZIE S;SUZIE S
ALIMENTOS JACKS;ALIMENTOS JACKS
GOLD MILLS;GOLD MILLS
IVANA;IVANA
ORGANIC;ORGANIC
LA VENEZOLANA;LA VENEZOLANA
MY MOTTO;MY MOTTO
AWG BRANDS;AWG BRANDS
FLAX;FLAX
GHIRARDELLI CHOCOLATE;GHIRARDELLI CHOCOLATE
NONNIS;NONNIS
DOUBLE BECKER;DOUBLE BECKER
SEPROD;SEPROD
DAWN;DAWN
PRODUCTOS CRISTY;PRODUCTOS CRISTY
WIN MILL;WIN MILL
OATMEGA;OATMEGA
FLAKITAS;FLAKITAS
MILTONS;MILTONS
FANCYPANTS;FANCYPANTS
MICRO STEPS;MICRO STEPS
PANOS BRANDS;PANOS BRANDS
WORLD FINER FOODS;WORLD FINER FOODS
HANNAH MAXI;HANNAH MAXI
JOSEPHS;JOSEPHS
PIROU;PIROU
PIRULIN;PIRULIN
ALESSI;ALESSI
VINCENSI AMARET;VINCENSI AMARET
ALMODINA;ALMODINA
LA MODERNA;LA MODERNA
COOKIES UNITED;COOKIES UNITED
SUPERVALU;SUPERVALU
MARCELA;MARCELA
ABSOLUTELY;ABSOLUTELY
FAT SNAX;FAT SNAX
GOLDEN FOODS;GOLDEN FOODS
CRAIZE CORN;CRAIZE CORN
CLASSIC COOKIE;CLASSIC COOKIE
VECTOR FOODS;VECTOR FOODS
DULCENAC;DULCENAC
BATAVIA;BATAVIA
BEE;BEE
FROM THE GROUND UP;FROM THE GROUND UP
GALIL FOODS;GALIL FOODS
ORGAN;ORGAN
BAUDUCCO;BAUDUCCO
ABIMAR FOODS;ABIMAR FOODS
POZUELO;POZUELO
MONDELEZ;MONDELEZ
MOLINOS DEL SALVADOR;MOLINOS DEL SALVADOR
GRUPO BIMBO;GRUPO BIMBO
KEEBLER;KEEBLER
IND MAFAM;IND MAFAM
MURRAY;MURRAY
GN;GN
KRAFT HEINZ;KRAFT HEINZ
BEST;BEST
ALIMENTO FRUNA;ALIMENTO FRUNA
KELLOGGS;KELLOGGS
BIFA;BIFA
PUIG;PUIG
GALIL;GALIL
AMERICAN ROLAND FOODS;AMERICAN ROLAND FOODS
MRS FIELDS;MRS FIELDS FAMOUS BRANDS
CENTRAL DE ALIMENTOS;CENTRAL DE ALIMENTOS
RIP VAN INC;RIP VAN INC
